[{"type":"Feature","properties":{"@id":"node/981707337","addr:housename":"882","addr:street":"Perú","amenity":"arts_centre","name":"Sociedad Cultural Polaca"},"geometry":{"type":"Point","coordinates":[-58.5076737,-34.5428714]},"id":"node/981707337"},{"type":"Feature","properties":{"@id":"node/1141436421","amenity":"arts_centre","name":"Galería Notre Dame"},"geometry":{"type":"Point","coordinates":[-58.3918654,-34.5989622]},"id":"node/1141436421"},{"type":"Feature","properties":{"@id":"node/1141441497","amenity":"arts_centre","name":"Centro Cultural El Sótano"},"geometry":{"type":"Point","coordinates":[-58.5621224,-34.603242]},"id":"node/1141441497"},{"type":"Feature","properties":{"@id":"node/2528833786","amenity":"arts_centre","name":"Centro cultural IMPA","phone":"+54 11 2075-6708","website":"http://impalafabrica.org.ar/"},"geometry":{"type":"Point","coordinates":[-58.4264576,-34.6112837]},"id":"node/2528833786"},{"type":"Feature","properties":{"@id":"node/2685727173","addr:city":"Ciudad de Buenos Aures","addr:housename":"Centro Cultural","addr:housenumber":"1133","addr:postcode":"C1165AEC","addr:street":"Tomás Liberti","amenity":"arts_centre","name":"Centro Cultural y Biblioteca Popular \"El Sueñero\"","phone":"+54 11 4307-9980","website":"http://www.ccelsueñero.com.ar"},"geometry":{"type":"Point","coordinates":[-58.3696121,-34.6315197]},"id":"node/2685727173"},{"type":"Feature","properties":{"@id":"node/2734534779","addr:housenumber":"3175","addr:street":"Zelaya","amenity":"arts_centre","dance:style":"tango,milonga","leisure":"dance","name":"La Estación"},"geometry":{"type":"Point","coordinates":[-58.4104827,-34.601398]},"id":"node/2734534779"},{"type":"Feature","properties":{"@id":"node/2872859737","amenity":"arts_centre","name":"centro cultural"},"geometry":{"type":"Point","coordinates":[-58.4753058,-34.6661612]},"id":"node/2872859737"},{"type":"Feature","properties":{"@id":"node/3163300979","addr:housenumber":"1249","addr:street":"Pringles","amenity":"arts_centre","name":"Centro Cultural Matienzo","website":"http://www.ccmatienzo.com.ar"},"geometry":{"type":"Point","coordinates":[-58.4262548,-34.5973344]},"id":"node/3163300979"},{"type":"Feature","properties":{"@id":"node/3259164363","addr:housenumber":"5170","addr:street":"Paraguay","amenity":"arts_centre","contact:phone":"+54 11 4771-1983","name":"Centro Cultural Palermo Grande","opening_hours":"Mo-Fr 17:00-21:00"},"geometry":{"type":"Point","coordinates":[-58.4307622,-34.5797432]},"id":"node/3259164363"},{"type":"Feature","properties":{"@id":"node/3484188679","amenity":"arts_centre","name":"Centro Cultural Olmedo"},"geometry":{"type":"Point","coordinates":[-58.5415705,-34.6403948]},"id":"node/3484188679"},{"type":"Feature","properties":{"@id":"node/3556933600","amenity":"arts_centre","name":"Centro cultural amigos de Eladia Blázquez"},"geometry":{"type":"Point","coordinates":[-58.4350733,-34.5754339]},"id":"node/3556933600"},{"type":"Feature","properties":{"@id":"node/3596659038","amenity":"arts_centre","name":"Copérnico"},"geometry":{"type":"Point","coordinates":[-58.5632828,-34.6775981]},"id":"node/3596659038"},{"type":"Feature","properties":{"@id":"node/3917148981","addr:city":"Ciudad Autónoma de Buenos Aires","addr:country":"AR","addr:housenumber":"1908","addr:postcode":"1426","addr:street":"Gorostiaga","amenity":"arts_centre","contact:facebook":"https://www.facebook.com/laabadiabaires/","email":"info@laabadia.org","name":"La Abadía, Centro de Arte y Estudios Latinoamericanos","phone":"+54 11 4773-9223","website":"http://www.laabadia.org/"},"geometry":{"type":"Point","coordinates":[-58.4381158,-34.5676431]},"id":"node/3917148981"},{"type":"Feature","properties":{"@id":"node/4156040980","amenity":"arts_centre","name":"Centro Cultural Mirando al Sur"},"geometry":{"type":"Point","coordinates":[-58.4724828,-34.6659757]},"id":"node/4156040980"},{"type":"Feature","properties":{"@id":"node/4220379228","addr:city":"Ciudad Autónoma de Buenos Aires","addr:housenumber":"1190","addr:street":"Avenida Lisandro de la Torre","amenity":"arts_centre"},"geometry":{"type":"Point","coordinates":[-58.5147771,-34.6510941]},"id":"node/4220379228"},{"type":"Feature","properties":{"@id":"node/4402584924","amenity":"arts_centre","name":"Centro Cultural \"La Memoria de Nuestro Pueblo\""},"geometry":{"type":"Point","coordinates":[-58.3865764,-34.62003]},"id":"node/4402584924"},{"type":"Feature","properties":{"@id":"node/4402584925","amenity":"arts_centre","name":"Centro de Jubilados \"Viejo Rincón\""},"geometry":{"type":"Point","coordinates":[-58.386156,-34.6199328]},"id":"node/4402584925"},{"type":"Feature","properties":{"@id":"node/4591904169","addr:city":"Martínez","addr:street":"Monseñor Larumbe","amenity":"arts_centre","name":"Casa de la Cultura de Martínez - Sede Larumbe"},"geometry":{"type":"Point","coordinates":[-58.5101125,-34.4923354]},"id":"node/4591904169"},{"type":"Feature","properties":{"@id":"node/4637947694","addr:city":"Ciudad Autónoma de Buenos Aires","addr:country":"AR","addr:housenumber":"4311","addr:postcode":"1431","addr:street":"Avenida Triunvirato","amenity":"arts_centre","email":"info@domusartis.com.ar","name":"Domus Artis","phone":"+54 11 4522-8294","source":"Reconocimiento terrestre por Kaart 2016","website":"http://www.domusartis.com.ar/"},"geometry":{"type":"Point","coordinates":[-58.481575,-34.5772335]},"id":"node/4637947694"},{"type":"Feature","properties":{"@id":"node/4675609068","addr:city":"Martínez","addr:housenumber":"1740","addr:postcode":"B1640","addr:street":"Avenida Santa Fe","amenity":"arts_centre","name":"Conservatorio Juan José Castro","phone":"+54 11 4792-8899","source":"Reconocimiento terrestre por Kaart 2016.","website":"http://cjjc.com.ar/"},"geometry":{"type":"Point","coordinates":[-58.5013849,-34.4875511]},"id":"node/4675609068"},{"type":"Feature","properties":{"@id":"node/4702700524","addr:city":"Ciudad Autónoma de Buenos Aires","addr:country":"AR","addr:housenumber":"522","addr:street":"Juan Ramírez de Velasco","amenity":"arts_centre","name":"Awalá","name:es":"Awalá","phone":"+54 11 5355-9918","website":"http://www.awala.com.ar"},"geometry":{"type":"Point","coordinates":[-58.4369205,-34.598359]},"id":"node/4702700524"},{"type":"Feature","properties":{"@id":"node/4842882551","addr:city":"Ciudad de Buenos Aires","addr:housenumber":"552","addr:street":"Avenida Belgrano","amenity":"arts_centre","name":"Centro Cultural Brasil-Argentina","phone":"+54 11 5235-1152","website":"http://ccba.itamaraty.gov.br/"},"geometry":{"type":"Point","coordinates":[-58.3740225,-34.612774]},"id":"node/4842882551"},{"type":"Feature","properties":{"@id":"node/4964980401","addr:city":"Ciudad Autónoma de Buenos Aires","addr:housenumber":"1658","addr:street":"Teniente General Juan Domingo Perón","amenity":"arts_centre","description":"escuela de distintos estilos de baile","name":"Kadenza","phone":"+54 11 5354-0957","website":"http://www.kadenza.com.ar"},"geometry":{"type":"Point","coordinates":[-58.3899545,-34.6067673]},"id":"node/4964980401"},{"type":"Feature","properties":{"@id":"node/5922563914","addr:city":"Ciudad Autónoma de Buenos Aires","addr:housenumber":"5519","addr:street":"Paraguay","amenity":"arts_centre","email":"info@clubdemusica.com","name":"Club de Musica","opening_hours":"Mo,Tu 13:00-21:00; We 13:00-24:00; Th-Sa 00:00-02:00,13:00-24:00; Su 00:00-02:00","phone":"+54 11 6722-2020","website":"https://www.clubdemusica.com/"},"geometry":{"type":"Point","coordinates":[-58.4341282,-34.5767705]},"id":"node/5922563914"},{"type":"Feature","properties":{"@id":"node/6032763067","amenity":"arts_centre","name":"Centro Navarro"},"geometry":{"type":"Point","coordinates":[-58.4181111,-34.6148258]},"id":"node/6032763067"},{"type":"Feature","properties":{"@id":"node/6394155036","amenity":"arts_centre","name":"Espacio Cultural Marcó del Pont"},"geometry":{"type":"Point","coordinates":[-58.4651312,-34.6273995]},"id":"node/6394155036"},{"type":"Feature","properties":{"@id":"node/6403401596","amenity":"arts_centre","name":"Multiespacio Cultural UNGS"},"geometry":{"type":"Point","coordinates":[-58.6998658,-34.5206255]},"id":"node/6403401596"},{"type":"Feature","properties":{"@id":"node/7016082343","addr:housenumber":"2255","addr:street":"Venezuela","amenity":"arts_centre","name":"Complejo Cultural Sanidad","operator":"Asociación Trabajadores de la Sanidad Argentina","phone":"+54 11 4941-1951","website":"https://www.atsa.org.ar/ccs/"},"geometry":{"type":"Point","coordinates":[-58.3985299,-34.6148905]},"id":"node/7016082343"},{"type":"Feature","properties":{"@id":"node/9025715659","amenity":"arts_centre","name":"Centro Cultural El Galpón"},"geometry":{"type":"Point","coordinates":[-58.4717797,-34.815336]},"id":"node/9025715659"},{"type":"Feature","properties":{"@id":"node/9036669026","amenity":"arts_centre","name":"Centro Cultural Tres de Febrero"},"geometry":{"type":"Point","coordinates":[-58.5529232,-34.6027752]},"id":"node/9036669026"},{"type":"Feature","properties":{"@id":"node/9219448568","addr:city":"Temperley","addr:housenumber":"1066","addr:street":"Avenida Meeks","amenity":"arts_centre","name":"Cultura del Sur"},"geometry":{"type":"Point","coordinates":[-58.3974412,-34.7741062]},"id":"node/9219448568"},{"type":"Feature","properties":{"@id":"node/9236131639","addr:housenumber":"1058","addr:street":"Avenida Meeks","amenity":"arts_centre","name":"El Padilla"},"geometry":{"type":"Point","coordinates":[-58.397464,-34.7740184]},"id":"node/9236131639"}]
