[{"type":"Feature","properties":{"@id":"node/479738123","addr:housenumber":"1428","addr:street":"Avenida Corrientes","amenity":"cinema","name":"Cine Lorca","phone":"+54 11 4371-5017","wikidata":"Q5769496","wikipedia":"es:Cine Lorca"},"geometry":{"type":"Point","coordinates":[-58.3869922,-34.6041463]},"id":"node/479738123"},{"type":"Feature","properties":{"@id":"node/680013623","addr:city":"Ciudad Autónoma de Buenos Aires","amenity":"cinema","cinema:3D":"yes","level":"3","name":"Hoyts Abasto","operator":"Hoyts","wheelchair":"limited","wikidata":"Q38263813"},"geometry":{"type":"Point","coordinates":[-58.4105712,-34.6025628]},"id":"node/680013623"},{"type":"Feature","properties":{"@id":"node/846906970","addr:city":"Adrogué","addr:housenumber":"13200","addr:postcode":"B1846","addr:street":"Avenida Hipólito Yrigoyen","amenity":"cinema","name":"Cinema Adrogue","phone":"+54 11 4294-0744","website":"http://www.cinemaadrogue.com/"},"geometry":{"type":"Point","coordinates":[-58.4016072,-34.8082874]},"id":"node/846906970"},{"type":"Feature","properties":{"@id":"node/915725319","amenity":"cinema","name":"Complejo Tita Merello","wikidata":"Q5779932"},"geometry":{"type":"Point","coordinates":[-58.3795958,-34.6031455]},"id":"node/915725319"},{"type":"Feature","properties":{"@id":"node/925962320","addr:city":"Olivos","addr:housenumber":"895","addr:street":"Juan Bautista Alberdi","amenity":"cinema","email":"york.cultura@vicentelopez.gov.ar","name":"Cine York","opening_hours":"We-Sa 16:00-20:00","opening_hours:covid19":"restricted","phone":"+54 11 4711-9213","website":"https://www.vicentelopez.gov.ar/modernizacion/punto-de-interes/2-cine-york"},"geometry":{"type":"Point","coordinates":[-58.4849533,-34.5076739]},"id":"node/925962320"},{"type":"Feature","properties":{"@id":"node/999765975","addr:city":"Olivos","addr:housenumber":"3750","addr:postcode":"B1605","addr:street":"Esteban Echeverría","amenity":"cinema","name":"Imax Theatre","phone":"+54 11 4756-7676","website":"http://www.imaxcenter.com.ar/"},"geometry":{"type":"Point","coordinates":[-58.5236717,-34.5144245]},"id":"node/999765975"},{"type":"Feature","properties":{"@id":"node/1104231329","amenity":"cinema","name":"Victor Show Cines"},"geometry":{"type":"Point","coordinates":[-58.57297,-34.5890884]},"id":"node/1104231329"},{"type":"Feature","properties":{"@id":"node/1118036691","addr:city":"Ciudad Autónoma de Buenos Aires","addr:housenumber":"1635","addr:postcode":"1033","addr:street":"Avenida Rivadavia","amenity":"cinema","description":"El Espacio INCAA Km. 0 es el primer Espacio INCAA adonde se pueden ver películas argentinas y latinoamericanas. Cuenta con 3 salas y casi 1200 butacas.","email":"espacioincaa@incaa.gov.ar","name":"Espacio INCAA KM 0 - Gaumont","phone":"+54 11 4381-0003","website":"https://www.facebook.com/EspacioIncaa","wikidata":"Q5769486","wikipedia":"es:Cine Gaumont"},"geometry":{"type":"Point","coordinates":[-58.3896252,-34.6088882]},"id":"node/1118036691"},{"type":"Feature","properties":{"@id":"node/1146469112","amenity":"cinema"},"geometry":{"type":"Point","coordinates":[-58.5639257,-34.6053528]},"id":"node/1146469112"},{"type":"Feature","properties":{"@id":"node/1435019694","amenity":"cinema","branch":"Moreno","level":"1","name":"Hoyts","wikidata":"Q38260047"},"geometry":{"type":"Point","coordinates":[-58.7933628,-34.6347888]},"id":"node/1435019694"},{"type":"Feature","properties":{"@id":"node/1630581449","amenity":"cinema","name":"Hoyts General Cinema"},"geometry":{"type":"Point","coordinates":[-58.4059983,-34.7829381]},"id":"node/1630581449"},{"type":"Feature","properties":{"@id":"node/2052117948","amenity":"cinema","name":"Belgrano Multiplex","phone:AR":"0810-888-2463","screen":"3","website":"http://www.cinesmultiplex.com.ar"},"geometry":{"type":"Point","coordinates":[-58.4568655,-34.5602821]},"id":"node/2052117948"},{"type":"Feature","properties":{"@id":"node/2052119841","addr:housenumber":"2199","addr:street":"Vuelta de Obligado","amenity":"cinema","name":"Belgrano Multiplex","phone:AR":"0810-888-2463","screen":"5","website":"http://www.cinesmultiplex.com.ar"},"geometry":{"type":"Point","coordinates":[-58.4562868,-34.5605432]},"id":"node/2052119841"},{"type":"Feature","properties":{"@id":"node/2074055759","amenity":"cinema","name":"Cinemark Soleil Boulogne","wikidata":"Q38259719"},"geometry":{"type":"Point","coordinates":[-58.5922642,-34.4910532]},"id":"node/2074055759"},{"type":"Feature","properties":{"@id":"node/2279647995","addr:housenumber":"2829","addr:street":"Avenida Cabildo","amenity":"cinema","name":"Artemultiplex","phone":"+54 11 4783-0812","website":"http://artemultiplex.blogspot.com.ar/"},"geometry":{"type":"Point","coordinates":[-58.4616305,-34.5559562]},"id":"node/2279647995"},{"type":"Feature","properties":{"@id":"node/2405697296","addr:city":"Ciudad Autónoma de Buenos Aires","addr:housenumber":"1655","addr:street":"Avenida Monroe","amenity":"cinema","brand":"Showcase Cinemas","brand:wikidata":"Q7503170","brand:wikipedia":"en:Showcase Cinemas","name":"Showcase Cinemas","phone":"+54 11 4780-3334","short_name":"Showcase","website":"http://www.todoshowcase.com/"},"geometry":{"type":"Point","coordinates":[-58.4532527,-34.5535197]},"id":"node/2405697296"},{"type":"Feature","properties":{"@id":"node/2577222729","amenity":"cinema","name":"Cine Hoyts","wikidata":"Q38260054"},"geometry":{"type":"Point","coordinates":[-58.6293914,-34.6336688]},"id":"node/2577222729"},{"type":"Feature","properties":{"@id":"node/2665370876","addr:city":"Ciudad Autónoma de Buenos Aires","addr:housenumber":"2050","addr:street":"Vicente López","amenity":"cinema","name":"Village Recoleta","old_name":"Village Recoleta Cinemas","website":"https://www.villagecines.com/"},"geometry":{"type":"Point","coordinates":[-58.393898,-34.5891179]},"id":"node/2665370876"},{"type":"Feature","properties":{"@id":"node/2876235001","amenity":"cinema","name":"Atlas Lavalle"},"geometry":{"type":"Point","coordinates":[-58.3762708,-34.6020545]},"id":"node/2876235001"},{"type":"Feature","properties":{"@id":"node/2948532848","addr:city":"Ciudad Autónoma de Buenos Aires","addr:housenumber":"3365","addr:postcode":"1122","addr:street":"Quevedo","amenity":"cinema","name":"Cinema Devoto","phone":"+54 11 4019-6060","website":"https://cinemadevoto.com.ar/","wikidata":"Q38263770"},"geometry":{"type":"Point","coordinates":[-58.5171247,-34.611689]},"id":"node/2948532848"},{"type":"Feature","properties":{"@id":"node/2995260442","addr:housenumber":"3076","addr:street":"737 - Boulevard General don José de San Martín","amenity":"cinema","name":"Helios","website":"http://cineteatrohelios.com.ar"},"geometry":{"type":"Point","coordinates":[-58.5926552,-34.6038854]},"id":"node/2995260442"},{"type":"Feature","properties":{"@id":"node/3017287748","amenity":"cinema","name":"Cinemark San Justo","wikidata":"Q38260095"},"geometry":{"type":"Point","coordinates":[-58.5568355,-34.685614]},"id":"node/3017287748"},{"type":"Feature","properties":{"@id":"node/3177062323","amenity":"cinema","brand":"Showcase Cinemas","brand:wikidata":"Q7503170","brand:wikipedia":"en:Showcase Cinemas","name":"Showcase Cinemas","short_name":"Showcase"},"geometry":{"type":"Point","coordinates":[-58.2555586,-34.7253021]},"id":"node/3177062323"},{"type":"Feature","properties":{"@id":"node/3281311474","amenity":"cinema","name":"Cinemark Malvinas Argentinas"},"geometry":{"type":"Point","coordinates":[-58.7030812,-34.5303774]},"id":"node/3281311474"},{"type":"Feature","properties":{"@id":"node/3356853295","amenity":"cinema","name":"Cinemark Tortugas"},"geometry":{"type":"Point","coordinates":[-58.7270729,-34.4517864]},"id":"node/3356853295"},{"type":"Feature","properties":{"@id":"node/3479600443","amenity":"cinema","name":"Nordelta Cinemas","phone:AR":"0810-777-3377","website":"https://www.cpmcines.com/"},"geometry":{"type":"Point","coordinates":[-58.6538693,-34.399345]},"id":"node/3479600443"},{"type":"Feature","properties":{"@id":"node/3579519540","addr:street":"Austria","amenity":"cinema","name":"Cineclub La Rosa"},"geometry":{"type":"Point","coordinates":[-58.403498,-34.5875209]},"id":"node/3579519540"},{"type":"Feature","properties":{"@id":"node/3605372118","addr:housenumber":"1920","addr:street":"Avenida Alicia Moreau de Justo","amenity":"cinema","name":"Cinemark Puerto Madero","wikidata":"Q38263789"},"geometry":{"type":"Point","coordinates":[-58.3649162,-34.621046]},"id":"node/3605372118"},{"type":"Feature","properties":{"@id":"node/3810179959","addr:housenumber":"750","addr:street":"Avenida Del Libertador","amenity":"cinema","name":"Cines Patio Bullrich","website":"http://www.shoppingbullrich.com.ar/cine.php"},"geometry":{"type":"Point","coordinates":[-58.3835917,-34.5885088]},"id":"node/3810179959"},{"type":"Feature","properties":{"@id":"node/4346245357","amenity":"cinema","name":"Cpm Cinemas"},"geometry":{"type":"Point","coordinates":[-58.6194299,-34.7632769]},"id":"node/4346245357"},{"type":"Feature","properties":{"@id":"node/4366476092","addr:city":"Ciudad Autónoma de Buenos Aires","addr:housenumber":"3626","addr:street":"Vedia","amenity":"cinema","name":"Hotys General Cinema","payment:cash":"yes","screen":"10","website":"https://www.cinemarkhoyts.com.ar/"},"geometry":{"type":"Point","coordinates":[-58.488268,-34.5460091]},"id":"node/4366476092"},{"type":"Feature","properties":{"@id":"node/4625676263","amenity":"cinema","name":"Canning Multiplex"},"geometry":{"type":"Point","coordinates":[-58.5033767,-34.8558367]},"id":"node/4625676263"},{"type":"Feature","properties":{"@id":"node/4685474178","addr:city":"Ciudad Autónoma de Buenos Aires","addr:street":"Avenida Corrientes","amenity":"cinema","name":"Cine Cosmos UBA","source":"Reconocimiento terrestre por Kaart 2016"},"geometry":{"type":"Point","coordinates":[-58.3960686,-34.6046588]},"id":"node/4685474178"},{"type":"Feature","properties":{"@id":"node/4772015243","addr:city":"Ciudad de Buenos Aires","addr:housenumber":"736","addr:postcode":"C1070AAP","addr:street":"Piedras","amenity":"cinema","description":"El cine posee una sala que contiene 167 butacas.","email":"lamascara_teatro06@yahoo.com.ar","name":"Espacio INCAA Km. 2 - Teatro \"La Máscara\"","phone":"+54 11 4307-0566"},"geometry":{"type":"Point","coordinates":[-58.3773951,-34.616532]},"id":"node/4772015243"},{"type":"Feature","properties":{"@id":"node/4772015244","addr:city":"Ciudad Autónoma de Buenos Aires","addr:housenumber":"1620","addr:postcode":"1137","addr:street":"Salta","amenity":"cinema","description":"Espacio INCAA dedicado a la exhibición de películas argentinas y latinoamericanas. Cuenta con 3 salas.","email":"mmendez_artecinema@gmail.com","name":"Espacio INCAA Arte Cinema","website":"http://www.artecinema.com.ar"},"geometry":{"type":"Point","coordinates":[-58.3827193,-34.6271128]},"id":"node/4772015244"},{"type":"Feature","properties":{"@id":"node/4814612463","amenity":"cinema","name":"Village"},"geometry":{"type":"Point","coordinates":[-58.7030807,-34.6666545]},"id":"node/4814612463"},{"type":"Feature","properties":{"@id":"node/6124249340","amenity":"cinema","contact:website":"http://www.atlascines.com.ar","drive_in":"no","name":"Atlas Avellaneda","operator":"Cines Atlas"},"geometry":{"type":"Point","coordinates":[-58.3678299,-34.6762698]},"id":"node/6124249340"},{"type":"Feature","properties":{"@id":"node/6173327159","amenity":"cinema","name":"Cine Rex"},"geometry":{"type":"Point","coordinates":[-58.5581314,-34.8823979]},"id":"node/6173327159"},{"type":"Feature","properties":{"@id":"node/6299729738","amenity":"cinema","name":"CPM Cinemas"},"geometry":{"type":"Point","coordinates":[-58.3971059,-34.799848]},"id":"node/6299729738"}]
