[{"type":"Feature","properties":{"@id":"node/2603090305","amenity":"marketplace","name":"La Holandesa (fiambres y quesos)"},"geometry":{"type":"Point","coordinates":[-58.4620122,-34.5592868]},"id":"node/2603090305"},{"type":"Feature","properties":{"@id":"node/2744152007","amenity":"marketplace","name":"Despensa almacén"},"geometry":{"type":"Point","coordinates":[-58.4302239,-34.6238795]},"id":"node/2744152007"},{"type":"Feature","properties":{"@id":"node/3329925845","addr:street":"azúl","amenity":"marketplace","name":"Jaime","operator":"Jaime","shop":"kiosk"},"geometry":{"type":"Point","coordinates":[-58.6058635,-34.6648289]},"id":"node/3329925845"},{"type":"Feature","properties":{"@id":"node/4525331890","addr:postcode":"1771","addr:street":"De la Semilla","amenity":"marketplace","description":"mercado"},"geometry":{"type":"Point","coordinates":[-58.4948538,-34.7060611]},"id":"node/4525331890"},{"type":"Feature","properties":{"@id":"node/4581609951","addr:city":"Acassuso","addr:street":"Sebastián Elcano","amenity":"marketplace","name":"Feria de Antigüedades","source":"Reconocimiento terrestre por Kaart 2016"},"geometry":{"type":"Point","coordinates":[-58.4947652,-34.471869]},"id":"node/4581609951"},{"type":"Feature","properties":{"@id":"node/4675754080","amenity":"marketplace","name":"Mercado de Alimentos Para Todos"},"geometry":{"type":"Point","coordinates":[-58.7477344,-34.5840531]},"id":"node/4675754080"},{"type":"Feature","properties":{"@id":"node/4677375096","addr:street":"Avenida Nicolás Avellaneda","amenity":"marketplace","name":"Galeria Virreyes","source":"Reconocimiento terrestre por Kaart 2016."},"geometry":{"type":"Point","coordinates":[-58.5530411,-34.4511974]},"id":"node/4677375096"},{"type":"Feature","properties":{"@id":"node/5242156890","amenity":"marketplace","name":"Mercado Mayorista Concentrador Popular","wholesale":"yes"},"geometry":{"type":"Point","coordinates":[-58.7729703,-34.6198162]},"id":"node/5242156890"},{"type":"Feature","properties":{"@id":"node/5291921326","amenity":"marketplace"},"geometry":{"type":"Point","coordinates":[-58.8031416,-34.6556249]},"id":"node/5291921326"},{"type":"Feature","properties":{"@id":"node/5715627304","amenity":"marketplace"},"geometry":{"type":"Point","coordinates":[-58.4016695,-34.6122954]},"id":"node/5715627304"},{"type":"Feature","properties":{"@id":"node/6223304628","amenity":"marketplace","name":"Fuente del Puerto de Frutos"},"geometry":{"type":"Point","coordinates":[-58.5722146,-34.4201988]},"id":"node/6223304628"},{"type":"Feature","properties":{"@id":"node/6292294208","addr:city":"Ciudad Autónoma de Buenos Aires","addr:housenumber":"1119","addr:postcode":"C1414CEA","addr:street":"Doctor Honorio Pueyrredón","amenity":"marketplace","contact:facebook":"https://www.facebook.com/Virtual-24-107156934366589/?ref=page_internal","contact:instagram":"https://www.instagram.com/v24hs/?hl=es","name":"Super M24 Market","operator":"V24Hs"},"geometry":{"type":"Point","coordinates":[-58.4456031,-34.6070267]},"id":"node/6292294208"},{"type":"Feature","properties":{"@id":"node/6506360591","amenity":"marketplace"},"geometry":{"type":"Point","coordinates":[-58.5509342,-34.6023081]},"id":"node/6506360591"},{"type":"Feature","properties":{"@id":"node/6648975810","amenity":"marketplace","name":"Maxi Descuento"},"geometry":{"type":"Point","coordinates":[-58.2560999,-34.7213444]},"id":"node/6648975810"},{"type":"Feature","properties":{"@id":"node/6697584614","addr:housenumber":"1455","addr:street":"Avenida Gaona","amenity":"marketplace","name":"Sonrisas"},"geometry":{"type":"Point","coordinates":[-58.4495513,-34.6090045]},"id":"node/6697584614"},{"type":"Feature","properties":{"@id":"node/6697584617","amenity":"marketplace"},"geometry":{"type":"Point","coordinates":[-58.4495191,-34.6093312]},"id":"node/6697584617"},{"type":"Feature","properties":{"@id":"node/6874281197","addr:city":"Martínez","addr:housenumber":"71","addr:street":"Emilio Mitre","amenity":"marketplace"},"geometry":{"type":"Point","coordinates":[-58.5014303,-34.4864815]},"id":"node/6874281197"},{"type":"Feature","properties":{"@id":"node/6887348681","amenity":"marketplace","name":"Mercado Futiortícola Norchichas"},"geometry":{"type":"Point","coordinates":[-58.2560838,-34.7944256]},"id":"node/6887348681"},{"type":"Feature","properties":{"@id":"node/7322844121","amenity":"marketplace"},"geometry":{"type":"Point","coordinates":[-58.4766458,-34.5348905]},"id":"node/7322844121"},{"type":"Feature","properties":{"@id":"node/7533350965","addr:postcode":"1824","addr:street":"Coronel D'Elía","amenity":"marketplace","building":"yes","name":"Mercado Leon","opening_hours":"Mo-Sa 09:00-20:00","opening_hours:covid19":"Mo-Sa 08:00-13:00   Mo-Sa 17:00-20:00","operator":"Chino"},"geometry":{"type":"Point","coordinates":[-58.4128024,-34.6876503]},"id":"node/7533350965"},{"type":"Feature","properties":{"@id":"node/7533350973","addr:postcode":"1824","addr:street":"Manuel Ocampo","amenity":"marketplace","name":"Alimentos al por Mayor"},"geometry":{"type":"Point","coordinates":[-58.4118498,-34.686118]},"id":"node/7533350973"},{"type":"Feature","properties":{"@id":"node/7774682962","amenity":"marketplace","name":"Lo De Charly"},"geometry":{"type":"Point","coordinates":[-58.6856871,-34.4071834]},"id":"node/7774682962"},{"type":"Feature","properties":{"@id":"node/7779474593","amenity":"marketplace","name":"Almacén Don Carlos"},"geometry":{"type":"Point","coordinates":[-58.6847674,-34.4077448]},"id":"node/7779474593"},{"type":"Feature","properties":{"@id":"node/8275005951","addr:housenumber":"3392","addr:street":"428 - Neuquén","amenity":"marketplace","contact:instagram":"santamaria.fiambreria","contact:phone":"+54 9 11 2253 0245","name":"Santa María fiambrería"},"geometry":{"type":"Point","coordinates":[-58.5390008,-34.6004715]},"id":"node/8275005951"}]
