[{"type":"Feature","properties":{"@id":"node/661043995","amenity":"pub","name":"Trote Bar"},"geometry":{"type":"Point","coordinates":[-58.391244,-34.7986426]},"id":"node/661043995"},{"type":"Feature","properties":{"@id":"node/661043997","amenity":"pub","name":"Riviera Café"},"geometry":{"type":"Point","coordinates":[-58.39066,-34.7985029]},"id":"node/661043997"},{"type":"Feature","properties":{"@id":"node/738897128","addr:city":"Buenos Aires","addr:housenumber":"899","addr:street":"Humberto I","amenity":"pub","cuisine":"german","name":"Untertürkheim","source":"Reconocimiento terrestre por Kaart 2016"},"geometry":{"type":"Point","coordinates":[-58.3785845,-34.6208304]},"id":"node/738897128"},{"type":"Feature","properties":{"@id":"node/876531175","addr:housenumber":"3657","addr:street":"Güemes","amenity":"pub","name":"La Peña del Colorado"},"geometry":{"type":"Point","coordinates":[-58.4138933,-34.5884609]},"id":"node/876531175"},{"type":"Feature","properties":{"@id":"node/1114122404","amenity":"pub","name":"Remember"},"geometry":{"type":"Point","coordinates":[-58.3948287,-34.6043153]},"id":"node/1114122404"},{"type":"Feature","properties":{"@id":"node/1138279914","amenity":"pub","name":"Almodo Bar"},"geometry":{"type":"Point","coordinates":[-58.5612393,-34.5955645]},"id":"node/1138279914"},{"type":"Feature","properties":{"@id":"node/1158412287","amenity":"pub","name":"Remember"},"geometry":{"type":"Point","coordinates":[-58.5419933,-34.6027211]},"id":"node/1158412287"},{"type":"Feature","properties":{"@id":"node/1455067036","amenity":"pub","name":"Club Terra"},"geometry":{"type":"Point","coordinates":[-58.7908294,-34.6518058]},"id":"node/1455067036"},{"type":"Feature","properties":{"@id":"node/1583423187","addr:street":"Garibaldi","amenity":"pub","name":"Menjunjes","source":"Reconocimiento cartográfico de campo 2016 por KG."},"geometry":{"type":"Point","coordinates":[-58.3633638,-34.640064]},"id":"node/1583423187"},{"type":"Feature","properties":{"@id":"node/1623260734","amenity":"pub"},"geometry":{"type":"Point","coordinates":[-58.4627856,-34.6848045]},"id":"node/1623260734"},{"type":"Feature","properties":{"@id":"node/1625178367","addr:housenumber":"401","addr:street":"Marcelo T. de Alvear","amenity":"pub","contact:phone":"+54 11 4314-1233","description":"Powered by Bitpagos","name":"Porto Pirata","payment:bitcoin":"yes","source":"Reconocimiento cartográfico de campo 2016 por KG."},"geometry":{"type":"Point","coordinates":[-58.3732222,-34.596133]},"id":"node/1625178367"},{"type":"Feature","properties":{"@id":"node/1625193978","addr:city":"Ciudad Autónoma de Buenos Aires","addr:housenumber":"399","addr:postcode":"C1003ABG","addr:street":"Marcelo T. de Alvear","amenity":"pub","contact:facebook":"https://www.facebook.com/thekilkennyba","contact:phone":"+54 11 4312-7291","name":"The Kilkenny","opening_hours":"Mo 00:00-03:00; Tu-Fr 00:30-05:00; Sa 18:00-24:00; Su 00:00-03:00,18:00-24:00","smoking":"no","source":"Reconocimiento terrestre por Kaart 2016"},"geometry":{"type":"Point","coordinates":[-58.3729578,-34.5961159]},"id":"node/1625193978"},{"type":"Feature","properties":{"@id":"node/1626488850","addr:housenumber":"249","addr:street":"Italia","amenity":"pub","building:levels":"2","internet_access":"wlan","internet_access:fee":"no","internet_access:ssid":"Fibertel Wifi 222 2.4Ghz","name":"Había Una Vez","outdoor_seating":"yes","phone":"+54 11 4244-7400","website":"http://www.barhabiaunavez.com/"},"geometry":{"type":"Point","coordinates":[-58.4017102,-34.7637057]},"id":"node/1626488850"},{"type":"Feature","properties":{"@id":"node/1629080790","amenity":"pub","name":"Havanna"},"geometry":{"type":"Point","coordinates":[-58.3729409,-34.5962938]},"id":"node/1629080790"},{"type":"Feature","properties":{"@id":"node/1641501713","addr:city":"Buenos Aires","addr:housenumber":"645","addr:neighbourhood":"San Nicolás","addr:street":"Sarmiento","amenity":"pub","name":"The Brighton","phone":"+54 11 4322-1515","website":"http://www.thenewbrightonsrl.com.ar"},"geometry":{"type":"Point","coordinates":[-58.3774732,-34.6046116]},"id":"node/1641501713"},{"type":"Feature","properties":{"@id":"node/1701185132","addr:housename":"La Oveja Negra Pub San Isidro","addr:housenumber":"425","addr:street":"Avenida Fondo de la Legua","amenity":"pub","designation":"La Oveja Negra Pub","name":"La Oveja Negra","source":"Actualizaciones en Argentina. Reconocimiento terrestre por #Kaart 2016.","website":"www.ovejanegrapub.com.ar"},"geometry":{"type":"Point","coordinates":[-58.5469129,-34.4967038]},"id":"node/1701185132"},{"type":"Feature","properties":{"@id":"node/1721385015","addr:city":"Temperley","addr:housenumber":"1395","addr:street":"Avenida Meeks","amenity":"pub","name":"Blackbird"},"geometry":{"type":"Point","coordinates":[-58.3972426,-34.7781208]},"id":"node/1721385015"},{"type":"Feature","properties":{"@id":"node/1721385017","amenity":"pub","name":"Finisterre"},"geometry":{"type":"Point","coordinates":[-58.3975729,-34.7751745]},"id":"node/1721385017"},{"type":"Feature","properties":{"@id":"node/1872282968","amenity":"pub","name":"Heaven"},"geometry":{"type":"Point","coordinates":[-58.7927691,-34.6521895]},"id":"node/1872282968"},{"type":"Feature","properties":{"@id":"node/1953847236","addr:postcode":"C1426BRG","addr:street":"Báez","amenity":"pub","name":"Van Koning","website":"http://www.vankoning.com"},"geometry":{"type":"Point","coordinates":[-58.4315372,-34.5716815]},"id":"node/1953847236"},{"type":"Feature","properties":{"@id":"node/2010129673","amenity":"pub","name":"Plan B"},"geometry":{"type":"Point","coordinates":[-58.4896034,-34.572887]},"id":"node/2010129673"},{"type":"Feature","properties":{"@id":"node/2011932509","amenity":"pub","name":"Berlina Vorterix"},"geometry":{"type":"Point","coordinates":[-58.4510291,-34.5802545]},"id":"node/2011932509"},{"type":"Feature","properties":{"@id":"node/2137876817","addr:city":"Victoria","addr:housenumber":"3212","addr:postcode":"1644","addr:street":"Avenida Presidente Teniente General Juan Domingo Perón","amenity":"pub","microbrewery":"yes","name":"Il Fango","opening_hours":"closed","opening_hours:covid19":"closed"},"geometry":{"type":"Point","coordinates":[-58.5383649,-34.4532434]},"id":"node/2137876817"},{"type":"Feature","properties":{"@id":"node/2213104462","amenity":"pub","name":"Clásico Bar Rock"},"geometry":{"type":"Point","coordinates":[-58.7527049,-34.6327312]},"id":"node/2213104462"},{"type":"Feature","properties":{"@id":"node/2253881826","addr:city":"Buenos Aires","addr:street":"Congreso","amenity":"pub","name":"Maldita Birra"},"geometry":{"type":"Point","coordinates":[-58.4544966,-34.5514075]},"id":"node/2253881826"},{"type":"Feature","properties":{"@id":"node/2283516548","addr:street":"San Martin 979","amenity":"pub","name":"Down Town Matias"},"geometry":{"type":"Point","coordinates":[-58.3742399,-34.5965204]},"id":"node/2283516548"},{"type":"Feature","properties":{"@id":"node/2283524106","addr:street":"Paraguay 426","amenity":"pub","name":"Buller Cerveza Artesanal"},"geometry":{"type":"Point","coordinates":[-58.3733038,-34.5974367]},"id":"node/2283524106"},{"type":"Feature","properties":{"@id":"node/2390117502","addr:city":"Ciudad Autónoma de Buenos Aires","addr:housenumber":"1447","addr:postcode":"C1414DKE","addr:street":"Armenia","amenity":"pub","brewery":"Antares","cuisine":"bavarian","drink:beer":"yes","email":"palermo@cervezaantares.com","happy_hours":"Mo-Fr 18:00-20:00; Sa-Su 19:00-20:00","name":"Antares","opening_hours":"Mo 00:00-04:00,18:00-24:00; Tu 18:00-24:00; We-Fr 00:00-02:00,18:00-24:00; Sa 00:00-02:00,19:00-24:00; Su 00:00-04:00,19:00-24:00","real_ale":"yes","smoking":"outside","website":"https://www.cervezaantares.com/"},"geometry":{"type":"Point","coordinates":[-58.4296107,-34.5910948]},"id":"node/2390117502"},{"type":"Feature","properties":{"@id":"node/2397658399","amenity":"pub","name":"Rato's"},"geometry":{"type":"Point","coordinates":[-58.7923479,-34.6519383]},"id":"node/2397658399"},{"type":"Feature","properties":{"@id":"node/2531559964","addr:city":"Ciudad Autónoma de Buenos Aires","addr:housenumber":"368","addr:street":"Avenida Callao","amenity":"pub","brewery":"yes","contact:instagram":"academiabar1930","name":"La Academia","opening_hours":"24/7","sport":"pool;table_tennis;table_soccer"},"geometry":{"type":"Point","coordinates":[-58.3925032,-34.6049073]},"id":"node/2531559964"},{"type":"Feature","properties":{"@id":"node/2634623765","addr:city":"Ciudad Autónoma de Buenos Aires","addr:housenumber":"5198","addr:street":"Costa Rica","amenity":"pub","contact:facebook":"https://es-la.facebook.com/elsurtidorbeerhouse/","contact:phone":"+54 11 2100-4059","name":"El Surtidor Beer House","opening_hours":"Mo 00:00-03:00; Tu 17:30-24:00; We-Fr 00:00-01:00,17:30-24:00; Sa,Su 00:00-03:00,17:30-24:00"},"geometry":{"type":"Point","coordinates":[-58.4310031,-34.5856124]},"id":"node/2634623765"},{"type":"Feature","properties":{"@id":"node/2663757314","addr:city":"Buenos Aires","addr:country":"AR","addr:housenumber":"491","addr:street":"Bolívar","amenity":"pub","name":"Antares Cervecería","website":"http://www.cervezaantares.com"},"geometry":{"type":"Point","coordinates":[-58.3734607,-34.6136797]},"id":"node/2663757314"},{"type":"Feature","properties":{"@id":"node/2971996833","addr:housenumber":"1879a","addr:street":"Avenida Coronel Díaz","amenity":"pub","name":"Acqua Nova"},"geometry":{"type":"Point","coordinates":[-58.4102684,-34.5894124]},"id":"node/2971996833"},{"type":"Feature","properties":{"@id":"node/3173366465","addr:housenumber":"1885","addr:street":"Thames","amenity":"pub","food":"yes","internet_access":"wlan","name":"Post Street Bar","outdoor_seating":"yes","roof_terrace":"yes"},"geometry":{"type":"Point","coordinates":[-58.4281608,-34.5862315]},"id":"node/3173366465"},{"type":"Feature","properties":{"@id":"node/3179599568","addr:city":"Buenos Aires","addr:country":"AR","addr:housenumber":"970","addr:postcode":"C1107","addr:street":"Avenida Alicia Moreau de Justo","amenity":"pub","name":"Kraken Bar","outdoor_seating":"only","website":"https://www.facebook.com/KrakenBarOficial/about/"},"geometry":{"type":"Point","coordinates":[-58.3662472,-34.6088397]},"id":"node/3179599568"},{"type":"Feature","properties":{"@id":"node/3257753730","amenity":"pub","cuisine":"burger;sandwich","internet_access":"wlan","name":"Sullivan's"},"geometry":{"type":"Point","coordinates":[-58.4291719,-34.5878889]},"id":"node/3257753730"},{"type":"Feature","properties":{"@id":"node/3259273447","amenity":"pub"},"geometry":{"type":"Point","coordinates":[-58.5039582,-34.6997407]},"id":"node/3259273447"},{"type":"Feature","properties":{"@id":"node/3260927092","amenity":"pub","name":"Doppelganger"},"geometry":{"type":"Point","coordinates":[-58.3725568,-34.6244578]},"id":"node/3260927092"},{"type":"Feature","properties":{"@id":"node/3260942565","addr:city":"Ciudad Autónoma de Buenos Aires","addr:housenumber":"4677","addr:street":"Costa Rica","amenity":"pub","contact:email":"palermo@thetemplebar.com.ar","contact:phone":"+54 11 4831-5430","internet_access":"wlan","internet_access:fee":"no","name":"The Temple Bar","opening_hours":"Tu-Fr 18:00-05:00; Sa 20:00-05:00; Su 19:00-02:00; PH off","payment:american_express":"yes","payment:mastercard":"yes","payment:visa":"yes","payment:visa_debit":"yes"},"geometry":{"type":"Point","coordinates":[-58.4267961,-34.5881232]},"id":"node/3260942565"},{"type":"Feature","properties":{"@id":"node/3275045563","amenity":"pub","internet_access":"wlan","microbrewery":"no","name":"Dubliners"},"geometry":{"type":"Point","coordinates":[-58.4327288,-34.5824061]},"id":"node/3275045563"},{"type":"Feature","properties":{"@id":"node/3345169569","addr:housenumber":"3003","addr:street":"Avenida García del Río","amenity":"pub","contact:facebook":"https://www.facebook.com/esquina.taki/","name":"Esquina Taki Bar","opening_hours":"Mo-Fr 11:00-15:00,17:00-12:00, PH,Sa,Su 11:00-12:00"},"geometry":{"type":"Point","coordinates":[-58.47546,-34.5495216]},"id":"node/3345169569"},{"type":"Feature","properties":{"@id":"node/3346036976","amenity":"pub","microbrewery":"yes","name":"Growlers"},"geometry":{"type":"Point","coordinates":[-58.4298548,-34.6268878]},"id":"node/3346036976"},{"type":"Feature","properties":{"@id":"node/3401281798","addr:city":"Ciudad Autónoma de Buenos Aires","addr:street":"Marcelo T. de Alvear","amenity":"pub","name":"Bar Flux","opening_hours":"Mo 00:00-03:00; Tu 19:00-24:00; We-Su 00:00-03:00,19:00-24:00","smoking":"no"},"geometry":{"type":"Point","coordinates":[-58.3810813,-34.5968059]},"id":"node/3401281798"},{"type":"Feature","properties":{"@id":"node/3534522410","addr:city":"Quilmes","addr:housenumber":"515","addr:postcode":"1878","addr:street":"Avenida Hipólito Yrigoyen","amenity":"pub","brewery":"baum;nocera","contact:facebook":"Anden18","contact:instagram":"anden18bar","cuisine":"pizza;burger;tapas","name":"Anden18"},"geometry":{"type":"Point","coordinates":[-58.2610497,-34.7225444]},"id":"node/3534522410"},{"type":"Feature","properties":{"@id":"node/3534522872","addr:city":"Quilmes","addr:housenumber":"228","addr:postcode":"1878","addr:street":"Garibaldi","amenity":"pub","brewery":"yes","name":"Kpovia Brewery"},"geometry":{"type":"Point","coordinates":[-58.2556486,-34.7232941]},"id":"node/3534522872"},{"type":"Feature","properties":{"@id":"node/3763301158","amenity":"pub","name":"Toc-Toc"},"geometry":{"type":"Point","coordinates":[-58.5224027,-34.8526086]},"id":"node/3763301158"},{"type":"Feature","properties":{"@id":"node/3801713378","addr:city":"Quilmes","addr:housenumber":"278","addr:street":"Garibaldi","amenity":"pub","brewery":"yes","cocktails":"yes","contact:email":"dunkuefoodbar@gmail.com","contact:facebook":"https://www.facebook.com/dunkue/","contact:instagram":"dunkuebar","contact:phone":"+54 11 6804-7304","name":"Dunkue","opening_hours":"We-Su 18:00+"},"geometry":{"type":"Point","coordinates":[-58.2548256,-34.7228877]},"id":"node/3801713378"},{"type":"Feature","properties":{"@id":"node/3805648245","amenity":"pub","name":"Sugar"},"geometry":{"type":"Point","coordinates":[-58.4263428,-34.5884257]},"id":"node/3805648245"},{"type":"Feature","properties":{"@id":"node/3805648247","addr:housenumber":"4699","addr:street":"Costa Rica","amenity":"pub","brewery":"Temple","contact:email":"hola@thetemplebar.com.ar","internet_access":"wlan","internet_access:fee":"no","name":"Temple Craft Soho","opening_hours":"Mo-Th 00:00-02:00,17:00-24:00; Tu 00:00-01:30,17:00-24:00; Fr 00:00-03:00,12:00-24:00; Sa,Su 00:00-04:00,11:00-24:00","phone":"+54 11 6739-0110","wheelchair":"yes"},"geometry":{"type":"Point","coordinates":[-58.4269385,-34.588021]},"id":"node/3805648247"},{"type":"Feature","properties":{"@id":"node/3858127091","amenity":"pub","name":"Egipto"},"geometry":{"type":"Point","coordinates":[-58.5093611,-34.8465574]},"id":"node/3858127091"},{"type":"Feature","properties":{"@id":"node/3863118836","amenity":"pub","name":"El Quijano"},"geometry":{"type":"Point","coordinates":[-58.4692448,-34.8212044]},"id":"node/3863118836"},{"type":"Feature","properties":{"@id":"node/3863118837","amenity":"pub","name":"Muá"},"geometry":{"type":"Point","coordinates":[-58.469157,-34.8211462]},"id":"node/3863118837"},{"type":"Feature","properties":{"@id":"node/3863118838","amenity":"pub","name":"Zoom"},"geometry":{"type":"Point","coordinates":[-58.4693157,-34.8212221]},"id":"node/3863118838"},{"type":"Feature","properties":{"@id":"node/3933282037","addr:housenumber":"1001","addr:postcode":"B1828ABU","addr:street":"Avenida Alsina","amenity":"pub","name":"Brughel"},"geometry":{"type":"Point","coordinates":[-58.394327,-34.7482808]},"id":"node/3933282037"},{"type":"Feature","properties":{"@id":"node/3966684092","addr:housenumber":"1781","addr:street":"Godoy Cruz","amenity":"pub","name":"Morante"},"geometry":{"type":"Point","coordinates":[-58.4330078,-34.5870923]},"id":"node/3966684092"},{"type":"Feature","properties":{"@id":"node/4017351534","addr:city":"Ciudad Autónoma de Buenos Aires","addr:housenumber":"2922","addr:street":"Arenales","amenity":"pub","brewery":"yes","contact:email":"reservasjobs@gmail.com","contact:facebook":"https://www.facebook.com/Jobs-Bar-302251490249085","contact:instagram":"jobsbar_oficial","contact:phone":"+54 11 4821-2701","contact:website":"http://www.jobsbar.com.ar/","contact:whatsapp":"+54 9 11 6529-1766","contact:youtube":"https://www.youtube.com/channel/UCWAWawioKbYJi9Hm8HvnWow","name":"Jobs Bar","opening_hours":"Tu-Th 19:00-02:00, Fr,Sa 20:00-03:00, Su 19:00-01:00","sport":"pool;archery;futbol_tenis;table_tennis;table_soccer;chess;Jenga"},"geometry":{"type":"Point","coordinates":[-58.4065483,-34.5906587]},"id":"node/4017351534"},{"type":"Feature","properties":{"@id":"node/4106165759","addr:city":"Ciudad Autónoma de Buenos Aires","addr:housenumber":"1822","addr:street":"Avenida General Las Heras","amenity":"pub","email":"recoleta@thetemplebar.com.ar","name":"The Temple Bar","phone":"+54 11 4805-0733","website":"http://www.thetemplebar.com.ar/recoleta/bar"},"geometry":{"type":"Point","coordinates":[-58.3921984,-34.5917063]},"id":"node/4106165759"},{"type":"Feature","properties":{"@id":"node/4209779190","addr:housenumber":"1588","addr:street":"Avenida Dorrego","amenity":"pub","name":"800 ASA (Mueve)"},"geometry":{"type":"Point","coordinates":[-58.444561,-34.5834993]},"id":"node/4209779190"},{"type":"Feature","properties":{"@id":"node/4209860089","amenity":"pub","name":"YOLO Bar"},"geometry":{"type":"Point","coordinates":[-58.4270899,-34.5809057]},"id":"node/4209860089"},{"type":"Feature","properties":{"@id":"node/4233713089","amenity":"pub","name":"Ballester Club Social"},"geometry":{"type":"Point","coordinates":[-58.5560801,-34.5465862]},"id":"node/4233713089"},{"type":"Feature","properties":{"@id":"node/4251154591","addr:city":"Ciudad Autónoma de Buenos Aires","addr:housenumber":"6066","addr:street":"Avenida San Martín","amenity":"pub","contact:facebook":"SlainteIrishPub","contact:instagram":"slainte_irish_pub_devoto","contact:whatsapp":"+54 9 11 5429-8060","happy_hours":"18:00-20:00","name":"Sláinte Irish Pub","opening_hours":"Mo-Su 18:00+","source":"Reconocimiento terrestre 2016 por Kaart."},"geometry":{"type":"Point","coordinates":[-58.501343,-34.5954092]},"id":"node/4251154591"},{"type":"Feature","properties":{"@id":"node/4319023518","amenity":"pub","name":"Sónoman"},"geometry":{"type":"Point","coordinates":[-58.4366586,-34.5845695]},"id":"node/4319023518"},{"type":"Feature","properties":{"@id":"node/4319023539","amenity":"pub","name":"Único Bar & Bistro"},"geometry":{"type":"Point","coordinates":[-58.4365204,-34.5841565]},"id":"node/4319023539"},{"type":"Feature","properties":{"@id":"node/4322117355","addr:city":"Ciudad Autónoma de Buenos Aires","addr:housenumber":"3385","addr:postcode":"1426","addr:street":"Avenida Elcano","amenity":"pub","drink:beer":"yes","name":"Cervelar","phone":"+54 11 4553-3714","website":"https://www.cervelar.com.ar/"},"geometry":{"type":"Point","coordinates":[-58.4600135,-34.575016]},"id":"node/4322117355"},{"type":"Feature","properties":{"@id":"node/4329773389","addr:city":"Avellaneda","addr:housenumber":"592","addr:postcode":"1870","addr:street":"Juan B. Palaá","amenity":"pub","brewery":"various","contact:facebook":"1870cerveceria","contact:instagram":"1870cerveceria","contact:website":"http://www.sabemosdecerveza.com/","cuisine":"tapas;friture;argentinian;barbecue;mexican;american;pizza","internet_access":"wlan","name":"1870 Cervecería","old_name:es":"Almacén “Vieja Esquina”","opening_hours":"Tu-Th 17:00-01:00, Fr 17:00-04:00, Sa 13:00-04:00, Su 13:00-01:00"},"geometry":{"type":"Point","coordinates":[-58.3687483,-34.6643405]},"id":"node/4329773389"},{"type":"Feature","properties":{"@id":"node/4352137596","addr:city":"Adrogué","addr:housenumber":"1051","addr:postcode":"B1846","addr:street":"Samuel Miguel Spiro","amenity":"pub","internet_access":"wlan","name":"La Sala","name:es":"La Sala"},"geometry":{"type":"Point","coordinates":[-58.3919394,-34.7990533]},"id":"node/4352137596"},{"type":"Feature","properties":{"@id":"node/4356148783","addr:housenumber":"282","addr:street":"José Eusebio Colombres","amenity":"pub","microbrewery":"yes","name":"La Brava","opening_hours":"Th 17:00-24:00; Fr 00:00-01:00,17:00-24:00; Sa 00:00-03:00,17:00-24:00; Su 00:00-03:00","outdoor_seating":"yes","smoking":"outside","takeaway":"yes"},"geometry":{"type":"Point","coordinates":[-58.4013352,-34.7644041]},"id":"node/4356148783"},{"type":"Feature","properties":{"@id":"node/4356149520","addr:city":"Lomas de Zamora","addr:housenumber":"478","addr:street":"Italia","amenity":"pub","name":"Kick Off","opening_hours":"Mo 00:00-03:00,16:00-24:00; Tu-Th 00:00-01:00,16:00-24:00; Fr 00:00-01:00,12:00-24:00; Sa,Su 00:00-03:00,12:00-24:00","outdoor_seating":"yes","phone":"+54 11 2373-8430","smoking":"outside","takeaway":"yes"},"geometry":{"type":"Point","coordinates":[-58.4019456,-34.7662221]},"id":"node/4356149520"},{"type":"Feature","properties":{"@id":"node/4459983590","addr:city":"Ciudad Autónoma de Buenos Aires","addr:housenumber":"1654","addr:street":"Jorge Luis Borges","amenity":"pub","contact:phone":"+54 11 4832-1401","cuisine":"burger;sandwich","microbrewery":"yes","name":"Valk Taproom"},"geometry":{"type":"Point","coordinates":[-58.4296398,-34.5883164]},"id":"node/4459983590"},{"type":"Feature","properties":{"@id":"node/4502601989","addr:city":"Ciudad Autónoma de Buenos Aires","addr:housenumber":"1401","addr:street":"Malabia","amenity":"pub","brewery":"Jerome","contact:facebook":"http://www.facebook.com/pg/Jerome-Palermo-554407907907855","contact:phone":"+54 11 4146-1444","happy_hours":"Mo-Fr 18:00-21:00; Sa,Su 18:00-21:00","internet_access":"wlan","microbrewery":"yes","name":"Jerome","opening_hours":"Mo-Su 13:00-02:00","outdoor_seating":"yes","reservation":"yes","smoking":"outside","takeaway":"no"},"geometry":{"type":"Point","coordinates":[-58.428891,-34.592172]},"id":"node/4502601989"},{"type":"Feature","properties":{"@id":"node/4532190562","amenity":"pub","name":"Baru"},"geometry":{"type":"Point","coordinates":[-58.7910577,-34.6451518]},"id":"node/4532190562"},{"type":"Feature","properties":{"@id":"node/4535692431","addr:city":"Ciudad Autónoma de Buenos Aires","addr:housenumber":"1747","addr:street":"Junín","amenity":"pub","brewery":"buller","contact:instagram":"bullerbrewinco","contact:phone":"+54 11 4806 0556","contact:website":"http://www.bullerbrewingco.com/","contact:whatsapp":"+54 11 2750 0892","name":"Buller","opening_hours":"Mo-Su 12:00-01:00"},"geometry":{"type":"Point","coordinates":[-58.3923576,-34.5888427]},"id":"node/4535692431"},{"type":"Feature","properties":{"@id":"node/4568963802","addr:street":"Azara","amenity":"pub","name":"Azara","source":"Reconocimiento cartográfico 2016 por KG"},"geometry":{"type":"Point","coordinates":[-58.3723281,-34.6330598]},"id":"node/4568963802"},{"type":"Feature","properties":{"@id":"node/4573421039","amenity":"pub","name":"Ayer Nomás"},"geometry":{"type":"Point","coordinates":[-58.7898418,-34.6457607]},"id":"node/4573421039"},{"type":"Feature","properties":{"@id":"node/4603530092","addr:housenumber":"201","addr:street":"Avenida Presidente Juan Domingo Perón","amenity":"pub","internet_access":"wlan","name":"King's Pub","name:en":"King's Pub","name:es":"King's Pub"},"geometry":{"type":"Point","coordinates":[-58.5680446,-34.6381869]},"id":"node/4603530092"},{"type":"Feature","properties":{"@id":"node/4673861791","addr:city":"Ciudad Autónoma de Buenos Aires","addr:housenumber":"733","addr:street":"Chacabuco","amenity":"pub","brewery":"yes","contact:facebook":"http://facebook.com/aptekivita","contact:instagram":"puertaroja.santelmo","contact:phone":"+54 11 2153-3585","contact:website":"https://puertaroja.com.ar/","happy_hours":"Mo-Su 12:00-21:00","name":"La Puerta Roja","opening_hours":"Mo-Su 11:00-01:00"},"geometry":{"type":"Point","coordinates":[-58.3760087,-34.6167229]},"id":"node/4673861791"},{"type":"Feature","properties":{"@id":"node/4677423827","amenity":"pub","name":"Gualicho","source":"Reconocimiento terrestre por Kaart 2016"},"geometry":{"type":"Point","coordinates":[-58.375947,-34.6184817]},"id":"node/4677423827"},{"type":"Feature","properties":{"@id":"node/4693011721","amenity":"pub","name":"Mítico"},"geometry":{"type":"Point","coordinates":[-58.7898761,-34.6525486]},"id":"node/4693011721"},{"type":"Feature","properties":{"@id":"node/4708844252","addr:street":"Viamonte","amenity":"pub","microbrewery":"yes","name":"Cervelar","source":"Reconocimiento terrestre por Kaart 2016"},"geometry":{"type":"Point","coordinates":[-58.3719108,-34.5997279]},"id":"node/4708844252"},{"type":"Feature","properties":{"@id":"node/4742358121","addr:city":"Ciudad Autónoma de Buenos Aires","addr:housenumber":"1197","addr:street":"Aráoz","amenity":"pub","brewery":"yes","cocktails":"yes","contact:email":"barmasonyaraoz@gmail.com","contact:instagram":"mason.pub","contact:phone":"+54 11 7537-7243","name":"Mason","opening_hours":"We-Sa 18:00-03:00"},"geometry":{"type":"Point","coordinates":[-58.4281707,-34.5942277]},"id":"node/4742358121"},{"type":"Feature","properties":{"@id":"node/4743961122","amenity":"pub","name":"Somos el color de la tierra","name:es":"Somos el color de la tierra"},"geometry":{"type":"Point","coordinates":[-58.4227912,-34.587697]},"id":"node/4743961122"},{"type":"Feature","properties":{"@id":"node/4786488708","amenity":"pub","name":"Cervelar"},"geometry":{"type":"Point","coordinates":[-58.4578795,-34.5587282]},"id":"node/4786488708"},{"type":"Feature","properties":{"@id":"node/4797107022","addr:housenumber":"1567","addr:street":"Avenida Juan Bautista Justo","amenity":"pub","internet_access":"wlan","name":"Found"},"geometry":{"type":"Point","coordinates":[-58.435399,-34.5856719]},"id":"node/4797107022"},{"type":"Feature","properties":{"@id":"node/4838731121","addr:city":"Bernal","addr:housenumber":"453","addr:street":"Coronel Pringles","amenity":"pub","brewery":"yes","contact:facebook":"http://facebook.com/aptekivita","contact:instagram":"theriotpub","name":"The Riot","name:en":"The Riot","name:es":"The Riot","opening_hours":"Mo-Sa 17:00-03:00"},"geometry":{"type":"Point","coordinates":[-58.2825412,-34.7099753]},"id":"node/4838731121"},{"type":"Feature","properties":{"@id":"node/5055069960","addr:housenumber":"405","addr:postcode":"C1427BRI","addr:street":"Guevara","amenity":"pub","contact:email":"almacencomunal@gmail.com","contact:facebook":"https://www.facebook.com/pg/almacencomunal","microbrewery":"yes","name":"Almacén Comunal","opening_hours":"We-Fr 18:00-24:00; Sa 00:00-01:00,18:00-24:00; Su 00:00-01:00","outdoor_seating":"yes","takeaway":"yes"},"geometry":{"type":"Point","coordinates":[-58.4503207,-34.5867874]},"id":"node/5055069960"},{"type":"Feature","properties":{"@id":"node/5108597493","addr:city":"Ciudad Autónoma de Buenos Aires","addr:housenumber":"1222","addr:street":"Azcuénaga","amenity":"pub","brewery":"yes;various","internet_access":"wlan","name":"BOMBAR - Cervecería Artesanal","website":"https://www.facebook.com/bombar.recoleta"},"geometry":{"type":"Point","coordinates":[-58.3994914,-34.5939689]},"id":"node/5108597493"},{"type":"Feature","properties":{"@id":"node/5127550820","addr:city":"Ciudad Autónoma de Buenos Aires","addr:housenumber":"3791","addr:postcode":"C1427EGD","addr:street":"Jorge Newbery","amenity":"pub","contact:phone":"+54 11 4553-8430","cuisine":"mexican","name":"Elote","opening_hours":"Tu-Fr 12:30-16:00,19:00-24:00; Sa-Su 19:00-24:00"},"geometry":{"type":"Point","coordinates":[-58.4499506,-34.5856617]},"id":"node/5127550820"},{"type":"Feature","properties":{"@id":"node/5169937809","addr:housenumber":"3410","addr:street":"Avenida Elcano","amenity":"pub","name":"The Oldest","outdoor_seating":"yes","phone":"+54 11 4551-0781","website":"http://theoldest.com.ar/"},"geometry":{"type":"Point","coordinates":[-58.459678,-34.575829]},"id":"node/5169937809"},{"type":"Feature","properties":{"@id":"node/5170062227","amenity":"pub","name":"Pika Rock"},"geometry":{"type":"Point","coordinates":[-58.4853128,-34.7836243]},"id":"node/5170062227"},{"type":"Feature","properties":{"@id":"node/5229563605","addr:street":"Juan B. Justo","amenity":"pub","name":"Pascual - Snack Bar Pool"},"geometry":{"type":"Point","coordinates":[-58.2862882,-34.7417279]},"id":"node/5229563605"},{"type":"Feature","properties":{"@id":"node/5238684739","amenity":"pub","name":"Franz"},"geometry":{"type":"Point","coordinates":[-58.3891624,-34.7922056]},"id":"node/5238684739"},{"type":"Feature","properties":{"@id":"node/5273030921","addr:city":"Quilmes","addr:housenumber":"379","addr:street":"Mariano Moreno","amenity":"pub","brewery":"cerveceria_moreno","contact:facebook":"https://www.facebook.com/cerveceriamoreno379/","contact:instagram":"cerveceriamoreno379","contact:whatsapp":"+54 9 11 65167057","name":"Cerveceria Moreno","opening_hours":"Mo 18:00-01:00, Tu,We 12:00-01:00, Th 12:00-02:00, Fr,Sa 12:00-03:00"},"geometry":{"type":"Point","coordinates":[-58.2607799,-34.7192673]},"id":"node/5273030921"},{"type":"Feature","properties":{"@id":"node/5291970729","addr:housenumber":"6211","addr:street":"Avenida Costanera Rafael Obligado","amenity":"pub","name":"Tequila"},"geometry":{"type":"Point","coordinates":[-58.4299555,-34.5498491]},"id":"node/5291970729"},{"type":"Feature","properties":{"@id":"node/5317343864","addr:housenumber":"364","addr:street":"Moreno","amenity":"pub","name":"Bebop Club","website":"http://www.bebopclub.com.ar"},"geometry":{"type":"Point","coordinates":[-58.3713227,-34.6112028]},"id":"node/5317343864"},{"type":"Feature","properties":{"@id":"node/5506999949","amenity":"pub","name":"Pentos"},"geometry":{"type":"Point","coordinates":[-58.6639506,-34.6593218]},"id":"node/5506999949"},{"type":"Feature","properties":{"@id":"node/5597153376","addr:housenumber":"1498","addr:street":"Presidente Juan Domingo Perón","amenity":"pub","clothes":"women","name":"Despacho Cervecero"},"geometry":{"type":"Point","coordinates":[-58.7974648,-34.6578771]},"id":"node/5597153376"},{"type":"Feature","properties":{"@id":"node/5910655685","addr:city":"Bernal","addr:housenumber":"93","addr:street":"25 de Mayo","amenity":"pub","brewery":"tutenbeer;hdq;broers;wechu;antares","contact:email":"cerveceriapopular@yahoo.com.ar","contact:facebook":"https://www.facebook.com/Cervecer%C3%ADa-Popular-112740929297/","contact:instagram":"cerveceriapopular","contact:phone":"+54 11 4252-4947","contact:website":"https://cerveceriapopular.com.ar/","cuisine":"sandwich;picada;pasta_al_disco;carne_al_disco;ensalada;milanesa;cazuela;minutas","name":"Cervecería Popular","opening_hours":"Mo-Su 09:00-01:00"},"geometry":{"type":"Point","coordinates":[-58.2834203,-34.7108416]},"id":"node/5910655685"},{"type":"Feature","properties":{"@id":"node/5932587331","amenity":"pub","name":"Narnia"},"geometry":{"type":"Point","coordinates":[-58.4454479,-34.624244]},"id":"node/5932587331"},{"type":"Feature","properties":{"@id":"node/5999506691","amenity":"pub","name":"Cervecería Dublin"},"geometry":{"type":"Point","coordinates":[-58.5613963,-34.6397203]},"id":"node/5999506691"},{"type":"Feature","properties":{"@id":"node/6123893478","addr:housenumber":"1460","addr:street":"Gascón","amenity":"pub","description":"Bar El Destello es un bar de arcades clásicos de los 80s, con variedad de cervezas, tragos y sandwiches.","microbrewery":"yes","name":"Bar El Destello","opening_hours":"Tu-Fr 18:00-24:00; Sa 00:00-02:00,18:00-24:00; Su 00:00-02:00","outdoor_seating":"no","website":"https://bareldestello.com.ar/"},"geometry":{"type":"Point","coordinates":[-58.4229219,-34.5934006]},"id":"node/6123893478"},{"type":"Feature","properties":{"@id":"node/6148509135","addr:city":"Ciudad Autónoma de Buenos Aires","addr:housenumber":"1965","addr:street":"Bonpland","amenity":"pub","brewery":"Jerome","microbrewery":"yes","name":"Jerome Palermo Hollywood","opening_hours":"Mo-Th 17:00-02:00, Fr 17:00-03:00, Sa 13:00-03:00, Su 13:00-02:00","outdoor_seating":"yes","phone":"+54 11 4774-3692","smoking":"outside"},"geometry":{"type":"Point","coordinates":[-58.4348711,-34.5814401]},"id":"node/6148509135"},{"type":"Feature","properties":{"@id":"node/6150040285","addr:city":"Ciudad Autónoma de Buenos Aires","addr:housenumber":"622","addr:street":"Bolívar","amenity":"pub","brewery":"yes","contact:facebook":"sextonbeer","contact:instagram":"sextonbeer","contact:phone":"+54 9 11 7363 2956","contact:website":"https://www.sextonbeer.com/","contact:whatsapp":"+54 9 11 7363 2956","microbrewery":"yes","name":"Sexton's Beer Company","opening_hours":"We,Th 18:00-01:00, Fr,Sa 18:00-03:00, Su 18:00-01:00"},"geometry":{"type":"Point","coordinates":[-58.3730769,-34.6150807]},"id":"node/6150040285"},{"type":"Feature","properties":{"@id":"node/6152690986","addr:housenumber":"2492","addr:street":"Julián Álvarez","amenity":"pub","name":"Paralelo"},"geometry":{"type":"Point","coordinates":[-58.4144886,-34.5865267]},"id":"node/6152690986"},{"type":"Feature","properties":{"@id":"node/6154636187","amenity":"pub","name":"La Birrería"},"geometry":{"type":"Point","coordinates":[-58.4524789,-34.5565829]},"id":"node/6154636187"},{"type":"Feature","properties":{"@id":"node/6194242877","amenity":"pub","name":"Bandido"},"geometry":{"type":"Point","coordinates":[-58.4581457,-34.5587368]},"id":"node/6194242877"},{"type":"Feature","properties":{"@id":"node/6307387143","addr:housenumber":"2202","addr:street":"cuba","amenity":"pub","name":"Growlers","opening_hours":"Mo-Su 17:00-23:59"},"geometry":{"type":"Point","coordinates":[-58.4557617,-34.5599399]},"id":"node/6307387143"},{"type":"Feature","properties":{"@id":"node/6331218306","amenity":"pub","microbrewery":"yes","name":"Hunter Bier"},"geometry":{"type":"Point","coordinates":[-58.4491562,-34.5830014]},"id":"node/6331218306"},{"type":"Feature","properties":{"@id":"node/6333422728","amenity":"pub","brewery":"Patagonia","name":"Gott","opening_hours":"Mo-Su,PH 19:00-23:00"},"geometry":{"type":"Point","coordinates":[-58.4887066,-34.5846475]},"id":"node/6333422728"},{"type":"Feature","properties":{"@id":"node/6333424176","amenity":"pub","microbrewery":"yes","name":"The Beer Factory"},"geometry":{"type":"Point","coordinates":[-58.5021203,-34.5929267]},"id":"node/6333424176"},{"type":"Feature","properties":{"@id":"node/6333425430","amenity":"pub","microbrewery":"yes","name":"Biersal","opening_hours":"We-Su 18:00-23:00"},"geometry":{"type":"Point","coordinates":[-58.4899772,-34.5858261]},"id":"node/6333425430"},{"type":"Feature","properties":{"@id":"node/6333425432","amenity":"pub","microbrewery":"yes","name":"Asgard"},"geometry":{"type":"Point","coordinates":[-58.4836256,-34.5885252]},"id":"node/6333425432"},{"type":"Feature","properties":{"@id":"node/6338075331","amenity":"pub","level":"1","name":"Johnny B. Good"},"geometry":{"type":"Point","coordinates":[-58.4676356,-34.5336332]},"id":"node/6338075331"},{"type":"Feature","properties":{"@id":"node/6338075484","amenity":"pub","name":"Alvin"},"geometry":{"type":"Point","coordinates":[-58.5715963,-34.6419164]},"id":"node/6338075484"},{"type":"Feature","properties":{"@id":"node/6350601920","addr:city":"Ciudad Autónoma de Buenos Aires","addr:housenumber":"390","addr:street":"Montevideo","amenity":"pub","microbrewery":"yes","name":"Covo Birrería","opening_hours":"Mo-Fr 17:00-01:00; Sa,Su 18:00-01:00","phone":"+54 11 4374-0631","smoking":"outside"},"geometry":{"type":"Point","coordinates":[-58.3894747,-34.604537]},"id":"node/6350601920"},{"type":"Feature","properties":{"@id":"node/6350706839","addr:housenumber":"352","addr:street":"Estados Unidos","amenity":"pub","email":"bunker@cervezaberlina.com","microbrewery":"yes","name":"Berlina Bunker","website":"https://cervezaberlina.com/bares-propios/berlina-bunker/"},"geometry":{"type":"Point","coordinates":[-58.3708254,-34.6185603]},"id":"node/6350706839"},{"type":"Feature","properties":{"@id":"node/6358523586","addr:city":"Ciudad Autónoma de Buenos Aires","addr:housenumber":"1602","addr:street":"Uriarte","amenity":"pub","brewery":"yes","contact:instagram":"jeromecerveceria","name":"Jerome - The Beer Republic","opening_hours":"Mo-Su 18:00-02:00"},"geometry":{"type":"Point","coordinates":[-58.4320692,-34.5872935]},"id":"node/6358523586"},{"type":"Feature","properties":{"@id":"node/6430907015","amenity":"pub","microbrewery":"yes","name":"Santos Barriles","outdoor_seating":"yes","smoking":"outside","wheelchair":"limited"},"geometry":{"type":"Point","coordinates":[-58.546327,-34.600042]},"id":"node/6430907015"},{"type":"Feature","properties":{"@id":"node/6432894669","amenity":"pub","name":"Rune"},"geometry":{"type":"Point","coordinates":[-58.5684405,-34.6407698]},"id":"node/6432894669"},{"type":"Feature","properties":{"@id":"node/6448883807","addr:city":"Ciudad Autónoma de Buenos Aires","addr:housenumber":"1067","addr:postcode":"C1405AKS","addr:street":"General Martín de Gainza","amenity":"pub","leisure":"bowling_alley","name":"Sobek Bowling & Drinks"},"geometry":{"type":"Point","coordinates":[-58.4463684,-34.6083469]},"id":"node/6448883807"},{"type":"Feature","properties":{"@id":"node/6481999775","amenity":"pub","name":"Tower"},"geometry":{"type":"Point","coordinates":[-58.5195032,-34.6391944]},"id":"node/6481999775"},{"type":"Feature","properties":{"@id":"node/6504071448","addr:city":"Lomas de Zamora","addr:housenumber":"421","addr:postcode":"1832","addr:street":"España","air_conditioning":"yes","amenity":"pub","brewery":"yes","internet_access":"wlan","microbrewery":"yes","name":"Chin Chin","outdoor_seating":"yes","smoking":"outside"},"geometry":{"type":"Point","coordinates":[-58.4002659,-34.7658458]},"id":"node/6504071448"},{"type":"Feature","properties":{"@id":"node/6521892959","amenity":"pub","name":"Sigel7"},"geometry":{"type":"Point","coordinates":[-58.45221,-34.5538338]},"id":"node/6521892959"},{"type":"Feature","properties":{"@id":"node/6547905779","amenity":"pub","name":"Alquimia"},"geometry":{"type":"Point","coordinates":[-58.663143,-34.6589496]},"id":"node/6547905779"},{"type":"Feature","properties":{"@id":"node/6575754331","addr:housenumber":"3128","addr:street":"Avenida Francisco Beiró","amenity":"pub","name":"Rotterdam","outdoor_seating":"yes"},"geometry":{"type":"Point","coordinates":[-58.4972679,-34.5970571]},"id":"node/6575754331"},{"type":"Feature","properties":{"@id":"node/6693817158","amenity":"pub","name":"Burton"},"geometry":{"type":"Point","coordinates":[-58.5222137,-34.6582054]},"id":"node/6693817158"},{"type":"Feature","properties":{"@id":"node/6740102761","amenity":"pub","name":"La Gasolinera"},"geometry":{"type":"Point","coordinates":[-58.4756256,-34.5399813]},"id":"node/6740102761"},{"type":"Feature","properties":{"@id":"node/6773507453","amenity":"pub","name":"Zo"},"geometry":{"type":"Point","coordinates":[-58.453904,-34.5552577]},"id":"node/6773507453"},{"type":"Feature","properties":{"@id":"node/6781687689","amenity":"pub","name":"A-Truck"},"geometry":{"type":"Point","coordinates":[-58.5605231,-34.4770683]},"id":"node/6781687689"},{"type":"Feature","properties":{"@id":"node/6813348418","amenity":"pub","name":"Ukelele"},"geometry":{"type":"Point","coordinates":[-58.4868947,-34.6252958]},"id":"node/6813348418"},{"type":"Feature","properties":{"@id":"node/6818579624","amenity":"pub","name":"Story Brooke"},"geometry":{"type":"Point","coordinates":[-58.4051536,-34.7662099]},"id":"node/6818579624"},{"type":"Feature","properties":{"@id":"node/6861965963","amenity":"pub","name":"Gigi Pappy"},"geometry":{"type":"Point","coordinates":[-58.4701996,-34.5419089]},"id":"node/6861965963"},{"type":"Feature","properties":{"@id":"node/6957948611","amenity":"pub","delivery":"yes","name":"Lagerhaus","phone":"+54 11 9 3487-9160","takeaway":"yes"},"geometry":{"type":"Point","coordinates":[-58.5064059,-34.6027063]},"id":"node/6957948611"},{"type":"Feature","properties":{"@id":"node/7086890490","amenity":"pub","name":"The Clover Irish Pub"},"geometry":{"type":"Point","coordinates":[-58.3776792,-34.6091059]},"id":"node/7086890490"},{"type":"Feature","properties":{"@id":"node/7141469405","amenity":"pub","name":"Egos's"},"geometry":{"type":"Point","coordinates":[-58.4759501,-34.5622839]},"id":"node/7141469405"},{"type":"Feature","properties":{"@id":"node/7141786602","amenity":"pub","name":"Ahí Vamos"},"geometry":{"type":"Point","coordinates":[-58.7871435,-34.6531419]},"id":"node/7141786602"},{"type":"Feature","properties":{"@id":"node/7179968977","amenity":"pub","building:levels":"2","cash_withdrawal":"yes","microbrewery":"yes","name":"Bancroc","opening_hours":"Mo-Su 17:30-24:00","shop":"beverages","wheelchair":"yes"},"geometry":{"type":"Point","coordinates":[-58.0773848,-34.852173]},"id":"node/7179968977"},{"type":"Feature","properties":{"@id":"node/7473925741","addr:city":"Buenos Aires","addr:housenumber":"5784","addr:postcode":"1431","addr:street":"Avenida Congreso","amenity":"pub","brewery":"yes","contact:facebook":"https://www.facebook.com/RedMonkeyArg/","microbrewery":"yes","name":"Red Monkey","opening_hours":"12:00-16:00,19:00-02:00","opening_hours:covid19":"off","phone":"+54 11 4572 2516"},"geometry":{"type":"Point","coordinates":[-58.4981542,-34.5741581]},"id":"node/7473925741"},{"type":"Feature","properties":{"@id":"node/7489451728","amenity":"pub","microbrewery":"yes"},"geometry":{"type":"Point","coordinates":[-58.5655226,-34.6379729]},"id":"node/7489451728"},{"type":"Feature","properties":{"@id":"node/7554668785","addr:street":"Piedras","amenity":"pub","name:en":"The Clover Irish Pub","opening_hours":"Mo-Th 16:00-00:00; Fr 16:00-02:00; Sa 19:00-02:00"},"geometry":{"type":"Point","coordinates":[-58.3776646,-34.60899]},"id":"node/7554668785"},{"type":"Feature","properties":{"@id":"node/7630683070","amenity":"pub","name":"Hell's Pizza"},"geometry":{"type":"Point","coordinates":[-58.4378364,-34.5654524]},"id":"node/7630683070"},{"type":"Feature","properties":{"@id":"node/7659013695","amenity":"pub","name":"Oeste Craft Beer"},"geometry":{"type":"Point","coordinates":[-58.7846372,-34.6476637]},"id":"node/7659013695"},{"type":"Feature","properties":{"@id":"node/7698161596","amenity":"pub","name":"Álvarez"},"geometry":{"type":"Point","coordinates":[-58.4597042,-34.576007]},"id":"node/7698161596"},{"type":"Feature","properties":{"@id":"node/7832672149","addr:city":"Villa Adelina","addr:housenumber":"936","addr:postcode":"B1607DCW","addr:street":"Avenida de Mayo","amenity":"pub","brewery":"Goyeneche","microbrewery":"yes","name":"Everest BA","opening_hours":"We-Su 18:00-01:30","phone":"+54 11 2353-7322"},"geometry":{"type":"Point","coordinates":[-58.5428203,-34.5167216]},"id":"node/7832672149"},{"type":"Feature","properties":{"@id":"node/7918800015","amenity":"pub","name":"Club Cervecero Blest"},"geometry":{"type":"Point","coordinates":[-58.4589577,-34.5474298]},"id":"node/7918800015"},{"type":"Feature","properties":{"@id":"node/8043213330","amenity":"pub","name":"Byra"},"geometry":{"type":"Point","coordinates":[-58.462979,-34.5494135]},"id":"node/8043213330"},{"type":"Feature","properties":{"@id":"node/8061303824","amenity":"pub","name":"They Bronx"},"geometry":{"type":"Point","coordinates":[-58.460204,-34.5452894]},"id":"node/8061303824"},{"type":"Feature","properties":{"@id":"node/8187129513","amenity":"pub","name":"El Picadero"},"geometry":{"type":"Point","coordinates":[-58.471663,-34.8145388]},"id":"node/8187129513"},{"type":"Feature","properties":{"@id":"node/8221306121","addr:housenumber":"5008","addr:street":"Avenida Corrientes","amenity":"pub","name":"Club V","opening_hours":"Fr-Su 12:00-23:00","website":"www.clubv.com.ar"},"geometry":{"type":"Point","coordinates":[-58.4366263,-34.600733]},"id":"node/8221306121"},{"type":"Feature","properties":{"@id":"node/8248012932","addr:city":"Longchamps","addr:housenumber":"762","addr:postcode":"1854","addr:street":"Ovidio Lagos","amenity":"pub","brewery":"yes;various","microbrewery":"no","min_age":"18","name":"La Vereda","opening_hours:covid19":"open","outdoor_seating":"yes","website":"https://www.instagram.com/lavereda.longchamps/"},"geometry":{"type":"Point","coordinates":[-58.3860154,-34.8589062]},"id":"node/8248012932"},{"type":"Feature","properties":{"@id":"node/8260892572","amenity":"pub","name":"Punto Ortiz"},"geometry":{"type":"Point","coordinates":[-58.4329882,-34.5960097]},"id":"node/8260892572"},{"type":"Feature","properties":{"@id":"node/8512069319","amenity":"pub","name":"Cheka"},"geometry":{"type":"Point","coordinates":[-58.5668375,-34.6404898]},"id":"node/8512069319"},{"type":"Feature","properties":{"@id":"node/8581270600","amenity":"pub","name":"Pibä"},"geometry":{"type":"Point","coordinates":[-58.4594513,-34.5638536]},"id":"node/8581270600"},{"type":"Feature","properties":{"@id":"node/8651793610","addr:city":"Longchamps","addr:housenumber":"1621","addr:postcode":"1854","addr:street":"Manuel Belgrano","amenity":"pub","brewery":"yes;various","internet_access":"no","microbrewery":"no","min_age":"18","name":"Longbeer","opening_hours:covid19":"open","outdoor_seating":"yes","payment:cash":"yes","payment:debit_cards":"yes","payment:mercadopago":"yes","smoking":"outside","website":"https://www.instagram.com/longbeertakeaway/"},"geometry":{"type":"Point","coordinates":[-58.3901865,-34.8597398]},"id":"node/8651793610"},{"type":"Feature","properties":{"@id":"node/8851484725","addr:city":"Victoria","addr:housenumber":"2499","addr:postcode":"1646","addr:street":"Avenida Presidente Teniente General Juan Domingo Perón","amenity":"pub","delivery":"yes","microbrewery":"yes","name":"Celsius Bar","opening_hours":"Tu-Su 18:00-23:00","payment:cash":"yes","payment:debit_cards":"yes","takeaway":"yes"},"geometry":{"type":"Point","coordinates":[-58.544867,-34.4490415]},"id":"node/8851484725"},{"type":"Feature","properties":{"@id":"node/9036669028","amenity":"pub","name":"La Cheve"},"geometry":{"type":"Point","coordinates":[-58.5495409,-34.6021924]},"id":"node/9036669028"},{"type":"Feature","properties":{"@id":"node/9036710570","amenity":"pub","name":"Almacén de Cerveza"},"geometry":{"type":"Point","coordinates":[-58.7911972,-34.6541592]},"id":"node/9036710570"},{"type":"Feature","properties":{"@id":"node/9049548560","addr:city":"San Isidro","addr:housenumber":"435","addr:postcode":"1642","addr:street":"Juan José Díaz","amenity":"pub","internet_access":"wlan","microbrewery":"yes","name":"Berlina San Isidro","opening_hours":"Tu-We 17:00-23:00; Su 17:00-23:00; Th-Sa 17:00-00:00","outdoor_seating":"yes","payment:cash":"yes","payment:credit_cards":"yes","payment:debit_cards":"yes","website":"https://cervezaberlina.com/"},"geometry":{"type":"Point","coordinates":[-58.5113439,-34.4687326]},"id":"node/9049548560"},{"type":"Feature","properties":{"@id":"node/9049548565","addr:city":"San Fernando","addr:housenumber":"82","addr:postcode":"B1646DBN","addr:street":"Avenida del Libertador","amenity":"pub","microbrewery":"yes","name":"Cerdos Voladores","opening_hours":"Mo-Su 12:00-23:00","phone":"+54 11 2889-4480","website":"https://cerdosvoladores.com.ar/"},"geometry":{"type":"Point","coordinates":[-58.5631195,-34.4334078]},"id":"node/9049548565"},{"type":"Feature","properties":{"@id":"node/9135954201","amenity":"pub","microbrewery":"yes","name":"Growley"},"geometry":{"type":"Point","coordinates":[-58.5673823,-34.6438638]},"id":"node/9135954201"},{"type":"Feature","properties":{"@id":"node/9135954209","amenity":"pub","microbrewery":"yes","name":"Bruce Grill Station"},"geometry":{"type":"Point","coordinates":[-58.5665629,-34.6438803]},"id":"node/9135954209"},{"type":"Feature","properties":{"@id":"node/9247882329","addr:city":"Bernal","addr:housenumber":"175","addr:street":"9 de Julio","amenity":"pub","brewery":"yes","cocktails":"yes","contact:email":"riebar@hotmail.com","contact:facebook":"https://www.facebook.com/riebar/","contact:instagram":"riebar","name":"Rie Bar","opening_hours":"We-Su 18:00-04:30"},"geometry":{"type":"Point","coordinates":[-58.2837914,-34.712325]},"id":"node/9247882329"},{"type":"Feature","properties":{"@id":"node/9248100631","addr:city":"Bernal","addr:housenumber":"17","addr:street":"9 de Julio","amenity":"pub","brewery":"blend;broers","contact:email":"biergartenbernal@gmail.com","contact:facebook":"https://www.facebook.com/biergartenbernal/","contact:instagram":"biergartenbernal","contact:phone":"+54 11 6781-0832","happy_hours":"16:00-19:00","name":"Biergarten","opening_hours":"Su-We 18:00-01:00, Th 18:00-02:00, Fr-Sa 18:00-02:30"},"geometry":{"type":"Point","coordinates":[-58.2807207,-34.7101088]},"id":"node/9248100631"},{"type":"Feature","properties":{"@id":"node/9248135055","addr:city":"Bernal","addr:housenumber":"11","addr:street":"9 de Julio","amenity":"pub","brewery":"ants","cocktails":"yes","contact:instagram":"larocabernal","contact:twitter":"larocabar","contact:whatsapp":"+54 9 11 63716435","cuisine":"burger;pizza","name":"La Roca","opening_hours":"Tu,We 17:00-01:00, Th 17:00-03:00, Fr,Sa 17:00-05:30, Su 17:00-01:00"},"geometry":{"type":"Point","coordinates":[-58.2806095,-34.7100117]},"id":"node/9248135055"},{"type":"Feature","properties":{"@id":"node/9248298550","addr:city":"Bernal","addr:housenumber":"1354","addr:street":"Avenida Caseros","amenity":"pub","brewery":"various","contact:facebook":"https://www.facebook.com/marlabeerpoint/","contact:instagram":"marlabeerpoint","contact:whatsapp":"+54 9 11 25941614","name":"Marla Beer Point","opening_hours":"We-Su 16:00-24:00"},"geometry":{"type":"Point","coordinates":[-58.28213,-34.7016134]},"id":"node/9248298550"},{"type":"Feature","properties":{"@id":"node/9258768697","addr:city":"Quilmes","addr:housenumber":"149","addr:street":"Nicolás Videla","amenity":"pub","contact:facebook":"BaltimoreRestoBar","name":"Baltimore Resto Bar"},"geometry":{"type":"Point","coordinates":[-58.2593989,-34.7211409]},"id":"node/9258768697"},{"type":"Feature","properties":{"@id":"node/9258854713","addr:city":"Quilmes","addr:housenumber":"726","addr:street":"Alvear","amenity":"pub","contact:facebook":"despertandonos","contact:instagram":"despertandonosbarcultural","contact:twitter":"@DesperBar","contact:whatsapp":"+54 9 11 5693-2028","name":"Despertandonos Bar Cultural","opening_hours":"We,Th,Su 18:00-00:00, Fr,Sa 18:00-05:00"},"geometry":{"type":"Point","coordinates":[-58.2539237,-34.7230065]},"id":"node/9258854713"},{"type":"Feature","properties":{"@id":"node/9258907019","addr:city":"Wilde","addr:housenumber":"6221","addr:street":"Avenida Bartolomé Mitre","amenity":"pub","brewery":"yes","contact:instagram":"vinilocerveceria","contact:whatsapp":"+54 9 11 3431-4661","name":"Vinilo"},"geometry":{"type":"Point","coordinates":[-58.3187662,-34.703438]},"id":"node/9258907019"},{"type":"Feature","properties":{"@id":"node/9262385254","addr:city":"Berazategui","addr:housenumber":"4822","addr:street":"Calle 6","amenity":"pub","brewery":"antares","contact:facebook":"AntaresBerazategui","contact:instagram":"antaresberazategui","contact:phone":"+54 11 4216-1946","contact:website":"https://www.cervezaantares.com/","contact:whatsapp":"+54 11 3202-1482","name":"Antares","opening_hours":"Mo-Th 18:00-03:00, Fr-Su 18:00-04:00"},"geometry":{"type":"Point","coordinates":[-58.2153161,-34.7535056]},"id":"node/9262385254"},{"type":"Feature","properties":{"@id":"node/9262395785","addr:city":"Berazategui","addr:street":"Calle 148","amenity":"pub","contact:instagram":"lafridabarok","name":"LAFRIDA BAR"},"geometry":{"type":"Point","coordinates":[-58.2155083,-34.7538789]},"id":"node/9262395785"},{"type":"Feature","properties":{"@id":"node/9262398425","addr:city":"Berazategui","addr:housenumber":"4806","addr:street":"Calle 6","amenity":"pub","brewery":"yes","contact:facebook":"https://www.facebook.com/Kok-Berazategui-100722731406115/","contact:instagram":"kok.berazategui","contact:phone":"+54 11 7704-3261","contact:whatsapp":"+54 9 11 6304-5819","name":"Kök","opening_hours":"Mo-Fr 15:00-01:00, Sa-Su 11:00-01:00"},"geometry":{"type":"Point","coordinates":[-58.2154148,-34.7535483]},"id":"node/9262398425"},{"type":"Feature","properties":{"@id":"node/9262413146","amenity":"pub","brewery":"yes","cocktails":"yes","contact:instagram":"weizenbierbar","happy_hours":"18:00-21:00","name":"weizenbierbar"},"geometry":{"type":"Point","coordinates":[-58.2147411,-34.7548935]},"id":"node/9262413146"},{"type":"Feature","properties":{"@id":"node/9262418730","addr:city":"Berazategui","addr:housenumber":"4643","addr:street":"Calle 12","amenity":"pub","brewery":"yes","cocktails":"yes","contact:facebook":"Barrelbarbegui","contact:instagram":"barrelbarbegui","contact:whatsapp":"+54 9 11 6491-4548","name":"Barrel BAR","opening_hours":"Su-Th 18:00-01:00, Fr-Sa 18:00-04:00"},"geometry":{"type":"Point","coordinates":[-58.2126058,-34.7608557]},"id":"node/9262418730"},{"type":"Feature","properties":{"@id":"node/9270989937","amenity":"pub","name":"Damn Beer"},"geometry":{"type":"Point","coordinates":[-58.2834471,-34.7540914]},"id":"node/9270989937"},{"type":"Feature","properties":{"@id":"node/9278885717","addr:city":"Olivos","addr:housenumber":"3564","addr:street":"Avenida Maipú","amenity":"pub","microbrewery":"yes","name":"Garden Groove","phone":"+54 11 319-48056"},"geometry":{"type":"Point","coordinates":[-58.4952223,-34.503131]},"id":"node/9278885717"},{"type":"Feature","properties":{"@id":"node/9313427956","addr:city":"Avellaneda","addr:housenumber":"568","addr:street":"Juan B. Palaá","amenity":"pub","brewery":"yes","cocktails":"yes","fixme":"ubicación aproximada","name":"Distrito Sur","opening_hours":"Tu,We 12:00-01:00, Th-Sa 12:00-03:00, Su 16:30-01:00"},"geometry":{"type":"Point","coordinates":[-58.3689695,-34.6639376]},"id":"node/9313427956"},{"type":"Feature","properties":{"@id":"node/9313438864","addr:city":"Avellaneda","addr:housenumber":"501","addr:street":"Juan B. Palaá","amenity":"pub","brewery":"various","contact:instagram":"harlem.hood","name":"Harlem","opening_hours":"Mo-Su 11:00-17:00,18:00+"},"geometry":{"type":"Point","coordinates":[-58.3696777,-34.6636163]},"id":"node/9313438864"},{"type":"Feature","properties":{"@id":"node/9313447978","addr:city":"Avellaneda","addr:housenumber":"875","addr:street":"General San Martín","amenity":"pub","brewery":"various","cocktails":"yes","contact:facebook":"https://www.facebook.com/Bowery-Craft-Beer-102983072115785","contact:instagram":"bowery.craftbeer","contact:whatsapp":"+54 11 6710-2822","cuisine":"burger;salad;sandwich;lomito;pizza","fixme":"ubicacion aproximada","happy_hours":"Mo-Su 18:00-20:00","name":"Bowery Craft Beer","opening_hours":"Mo-Su 10:00-04:30"},"geometry":{"type":"Point","coordinates":[-58.364737,-34.6639224]},"id":"node/9313447978"},{"type":"Feature","properties":{"@id":"node/9313451371","addr:city":"Avellaneda","addr:postcode":"1870","addr:street":"Juan B. Palaá","amenity":"pub","brewery":"various","contact:facebook":"1870cerveceria","contact:instagram":"1870cerveceria","contact:website":"http://www.sabemosdecerveza.com/","cuisine":"pizza","name":"1870 B-Side","opening_hours":"Tu-Th 17:00-01:00, Fr 17:00-04:00, Sa 13:00-04:00, Su 13:00-01:00"},"geometry":{"type":"Point","coordinates":[-58.3690208,-34.6645364]},"id":"node/9313451371"},{"type":"Feature","properties":{"@id":"node/9315892202","amenity":"pub","name":"Ripalda"},"geometry":{"type":"Point","coordinates":[-58.38478,-34.7973968]},"id":"node/9315892202"},{"type":"Feature","properties":{"@id":"node/9316235975","amenity":"pub","name":"Brew"},"geometry":{"type":"Point","coordinates":[-58.4981765,-34.5523144]},"id":"node/9316235975"},{"type":"Feature","properties":{"@id":"node/9319905875","addr:city":"Ciudad Autónoma de Buenos Aires","addr:housenumber":"2901","addr:street":"Miller","amenity":"pub","contact:facebook":"spangher.cerveza","contact:instagram":"spangher.cerveza","contact:phone":"+54 11 4523-3370","contact:website":"http://www.spangher.com.ar/","contact:whatsapp":"+54 9 11 6505-2520","name":"Spangher"},"geometry":{"type":"Point","coordinates":[-58.4842079,-34.56717]},"id":"node/9319905875"},{"type":"Feature","properties":{"@id":"node/9319934056","addr:city":"Ciudad Autónoma de Buenos Aires","addr:housenumber":"700","addr:street":"Francisco de Aguirre","amenity":"pub","brewery":"yes","contact:email":"bullervc@gmail.com","contact:instagram":"bullervc","contact:phone":"+54 11 4806 0556","contact:whatsapp":"+54 11 2662 4751","name":"Buller","opening_hours":"Tu-Su 17:00-02:00"},"geometry":{"type":"Point","coordinates":[-58.4373041,-34.5961368]},"id":"node/9319934056"},{"type":"Feature","properties":{"@id":"node/9319943041","addr:city":"Ciudad Autónoma de Buenos Aires","addr:housenumber":"1831","addr:street":"República de Eslovenia","amenity":"pub","brewery":"yes","contact:instagram":"federalcerveceria","name":"La Estrella Federal","opening_hours":"Mo-Fr 18:00+, Sa-Su 12:30+"},"geometry":{"type":"Point","coordinates":[-58.4338174,-34.5696675]},"id":"node/9319943041"},{"type":"Feature","properties":{"@id":"node/9319951127","addr:city":"Ciudad Autónoma de Buenos Aires","addr:housenumber":"2492","addr:street":"Avenida Congreso","amenity":"pub","brewery":"buller","contact:instagram":"bullerbelgranook","contact:website":"http://www.bullerbrewingco.com/","contact:whatsapp":"+54 11 6433 5394","name":"Buller","opening_hours":"Tu,We 12:00-00:00, Th 12:00-01:00, Fr,Sa 12:00-02:00, Su 12:00-24:00"},"geometry":{"type":"Point","coordinates":[-58.4632214,-34.5559721]},"id":"node/9319951127"},{"type":"Feature","properties":{"@id":"node/9319962827","addr:city":"Ciudad Autónoma de Buenos Aires","addr:housenumber":"1353","addr:street":"Zapiola","amenity":"pub","brewery":"yes","contact:phone":"+54 11 6428 3457","contact:website":"https://buenabirrasocialclub.com/","fixme":"Ubicación aproximada","name":"Buena Birra Social Club","opening_hours":"Tu-Su 18:00+"},"geometry":{"type":"Point","coordinates":[-58.4554606,-34.5721564]},"id":"node/9319962827"},{"type":"Feature","properties":{"@id":"node/9319990054","addr:city":"Ciudad Autónoma de Buenos Aires","addr:housenumber":"1878","addr:street":"Avenida General Indalecio Chenaut","amenity":"pub","brewery":"yes","contact:instagram":"jeromecerveceria","fixme":"Ubicación Aproximada","name":"Jerome","opening_hours":"Mo-Th 18:00-02:00, Fr 18:00-03:00, Sa 13:00-03:00, Su 13:00-02:00"},"geometry":{"type":"Point","coordinates":[-58.4318817,-34.5712678]},"id":"node/9319990054"}]
