[{"type":"Feature","properties":{"@id":"node/454548621","addr:housenumber":"2715","addr:street":"Avenida Sarmiento","amenity":"theatre","name":"Teatro Sarmiento"},"geometry":{"type":"Point","coordinates":[-58.4189848,-34.5796697]},"id":"node/454548621"},{"type":"Feature","properties":{"@id":"node/479738122","amenity":"theatre","name":"Teatro Astral","wikidata":"Q38263874"},"geometry":{"type":"Point","coordinates":[-58.3898133,-34.6041084]},"id":"node/479738122"},{"type":"Feature","properties":{"@id":"node/669126570","addr:housenumber":"1155","addr:postcode":"C1055AAB","addr:street":"Avenida Córdoba","amenity":"theatre","name":"Teatro Cervantes","official_name":"Teatro Nacional Cervantes","phone":"+54 11 4816-4224; +54 11 4815-8883","start_date":"1921-09-05","website":"http://www.teatrocervantes.gov.ar/","wikidata":"Q367615","wikipedia":"es:Teatro Nacional Cervantes"},"geometry":{"type":"Point","coordinates":[-58.3834186,-34.5989638]},"id":"node/669126570"},{"type":"Feature","properties":{"@id":"node/767725549","addr:city":"Ciudad Autónoma de Buenos Aires","addr:street":"Avenida Corrientes","amenity":"theatre","name":"Opera Allianz","source":"Reconocimiento terrestre por Kaart 2016","wikidata":"Q937079","wikipedia":"es:Teatro Opera"},"geometry":{"type":"Point","coordinates":[-58.378948,-34.6037068]},"id":"node/767725549"},{"type":"Feature","properties":{"@id":"node/767725550","amenity":"theatre","name":"Tabaris","wikidata":"Q6139910","wikipedia":"es:Teatro Tabarís"},"geometry":{"type":"Point","coordinates":[-58.3786301,-34.6033691]},"id":"node/767725550"},{"type":"Feature","properties":{"@id":"node/909701331","addr:housenumber":"99","addr:street":"Domingo Faustino Sarmiento","amenity":"theatre","name":"Teatro Municipal Roma"},"geometry":{"type":"Point","coordinates":[-58.3632174,-34.6622409]},"id":"node/909701331"},{"type":"Feature","properties":{"@id":"node/941576731","addr:city":"Morón","addr:country":"AR","addr:housenumber":"1000","addr:postcode":"1708","addr:state":"Buenos Aires","addr:street":"Almirante Brown","amenity":"theatre","name":"Teatro Municipal Gregorio de Laferrere","website":"http://www.moron.gov.ar/arteycultura/teatro_municipal.php"},"geometry":{"type":"Point","coordinates":[-58.6225075,-34.6505532]},"id":"node/941576731"},{"type":"Feature","properties":{"@id":"node/1069973168","amenity":"theatre","name":"Teatro Leopoldo Marechal"},"geometry":{"type":"Point","coordinates":[-58.7909152,-34.6513161]},"id":"node/1069973168"},{"type":"Feature","properties":{"@id":"node/1109818967","amenity":"theatre","name":"Teatro del Picadero"},"geometry":{"type":"Point","coordinates":[-58.3934529,-34.6039917]},"id":"node/1109818967"},{"type":"Feature","properties":{"@id":"node/1141437542","amenity":"theatre","name":"Los Angeles","wikidata":"Q6026141"},"geometry":{"type":"Point","coordinates":[-58.3915493,-34.6045403]},"id":"node/1141437542"},{"type":"Feature","properties":{"@id":"node/1178026351","amenity":"theatre","name":"Regio","wikidata":"Q6139882"},"geometry":{"type":"Point","coordinates":[-58.445664,-34.5842642]},"id":"node/1178026351"},{"type":"Feature","properties":{"@id":"node/1283906328","amenity":"theatre","name":"British Arts Centre","source":"Bing","website":"http://www.britishartscentre.org.ar"},"geometry":{"type":"Point","coordinates":[-58.3799433,-34.5921705]},"id":"node/1283906328"},{"type":"Feature","properties":{"@id":"node/1399347798","amenity":"theatre","name":"Liceo","wikidata":"Q9082155"},"geometry":{"type":"Point","coordinates":[-58.3874856,-34.6087682]},"id":"node/1399347798"},{"type":"Feature","properties":{"@id":"node/1402332245","amenity":"theatre","name":"Teatro El Alep"},"geometry":{"type":"Point","coordinates":[-58.45868,-34.6319837]},"id":"node/1402332245"},{"type":"Feature","properties":{"@id":"node/1402332756","amenity":"theatre","name":"Teatro de Flores"},"geometry":{"type":"Point","coordinates":[-58.4623278,-34.6304477]},"id":"node/1402332756"},{"type":"Feature","properties":{"@id":"node/1432335008","amenity":"theatre","designation":"C. C. Adan Buenos Aires","name":"C. C. Adan Buenos Aires","source":"C. C. Adan Buenos Aires"},"geometry":{"type":"Point","coordinates":[-58.4429951,-34.6336195]},"id":"node/1432335008"},{"type":"Feature","properties":{"@id":"node/1456348674","amenity":"theatre","name":"La Trastienda Club","source":"Reconocimiento terrestre por Kaart 2016","website":"http://www.latrastienda.com/"},"geometry":{"type":"Point","coordinates":[-58.3705332,-34.6130956]},"id":"node/1456348674"},{"type":"Feature","properties":{"@id":"node/1640067748","amenity":"theatre","name":"Terrafirme"},"geometry":{"type":"Point","coordinates":[-58.7616742,-34.6572513]},"id":"node/1640067748"},{"type":"Feature","properties":{"@id":"node/1643917534","addr:city":"Ciudad Autónoma de Buenos Aires","addr:housenumber":"880","addr:postcode":"C1218AAR","addr:street":"Avenida Boedo","address":"Avenida Boedo 876, Boedo, Buenos Aires","amenity":"theatre","name":"Pan y Arte","phone":"+54 11 2286-7477","website":"http://www.panyarte.com.ar"},"geometry":{"type":"Point","coordinates":[-58.4158751,-34.6231499]},"id":"node/1643917534"},{"type":"Feature","properties":{"@id":"node/1650836276","addr:city":"General Pacheco","addr:postcode":"1617","addr:street":"Santiago del Estero","amenity":"theatre","name":"Teatro Pacheco"},"geometry":{"type":"Point","coordinates":[-58.6334395,-34.4568994]},"id":"node/1650836276"},{"type":"Feature","properties":{"@id":"node/1678485810","amenity":"theatre","name":"Teatro General San Martín","wikidata":"Q7691915"},"geometry":{"type":"Point","coordinates":[-58.3885267,-34.6045409]},"id":"node/1678485810"},{"type":"Feature","properties":{"@id":"node/1678512609","amenity":"theatre","name":"Teatro Paseo La Plaza"},"geometry":{"type":"Point","coordinates":[-58.3901408,-34.6050347]},"id":"node/1678512609"},{"type":"Feature","properties":{"@id":"node/1830096169","amenity":"theatre","designation":"Teatro del Pueblo","name":"Teatro del Pueblo","source":"satellite","wikidata":"Q5680943"},"geometry":{"type":"Point","coordinates":[-58.3799092,-34.6044404]},"id":"node/1830096169"},{"type":"Feature","properties":{"@id":"node/1988822402","amenity":"theatre","name":"Teatro Coliseo"},"geometry":{"type":"Point","coordinates":[-58.3998767,-34.76132]},"id":"node/1988822402"},{"type":"Feature","properties":{"@id":"node/2086715082","addr:housenumber":"1239","addr:street":"Mario Bravo","amenity":"theatre","name":"Teatro del Ángel"},"geometry":{"type":"Point","coordinates":[-58.4147536,-34.595245]},"id":"node/2086715082"},{"type":"Feature","properties":{"@id":"node/2147189061","amenity":"theatre","name":"Centro Cultural General San Martin","operator":"Municipaidad de Merlo"},"geometry":{"type":"Point","coordinates":[-58.7231616,-34.6664983]},"id":"node/2147189061"},{"type":"Feature","properties":{"@id":"node/2177197582","addr:housenumber":"13900","addr:street":"Avenida del Libertador","amenity":"theatre","name":"Teatro de La Cova","phone":"+54 11 4792-2960","website":"http://teatrolacova.com.ar/"},"geometry":{"type":"Point","coordinates":[-58.4897978,-34.483542]},"id":"node/2177197582"},{"type":"Feature","properties":{"@id":"node/2187204372","amenity":"theatre","name":"Teatro Cabildo"},"geometry":{"type":"Point","coordinates":[-58.4742697,-34.5412602]},"id":"node/2187204372"},{"type":"Feature","properties":{"@id":"node/2338794479","amenity":"theatre","name":"Teatro Nueva Roma"},"geometry":{"type":"Point","coordinates":[-58.4032959,-34.7806369]},"id":"node/2338794479"},{"type":"Feature","properties":{"@id":"node/2541232476","amenity":"theatre","name":"Teatro Greison"},"geometry":{"type":"Point","coordinates":[-58.4709276,-34.8161149]},"id":"node/2541232476"},{"type":"Feature","properties":{"@id":"node/2604811999","amenity":"theatre","name":"Auditorio Grande"},"geometry":{"type":"Point","coordinates":[-58.5650947,-34.6693921]},"id":"node/2604811999"},{"type":"Feature","properties":{"@id":"node/2659551640","amenity":"theatre","name":"Anfiteatro","operator":"Municipalidad de F. Varela"},"geometry":{"type":"Point","coordinates":[-58.2714991,-34.8108871]},"id":"node/2659551640"},{"type":"Feature","properties":{"@id":"node/2726967308","addr:housenumber":"177","addr:street":"Maza","amenity":"theatre","dance:style":"tango,milonga","leisure":"dance","name":"Hasta Trilce"},"geometry":{"type":"Point","coordinates":[-58.4163986,-34.6132726]},"id":"node/2726967308"},{"type":"Feature","properties":{"@id":"node/2733105015","amenity":"theatre","name":"Auditorio Misericordia"},"geometry":{"type":"Point","coordinates":[-58.5078803,-34.5997985]},"id":"node/2733105015"},{"type":"Feature","properties":{"@id":"node/2734380683","addr:housenumber":"875","addr:street":"Chacabuco","amenity":"theatre","name":"Teatro Margarita Xirgu"},"geometry":{"type":"Point","coordinates":[-58.3759293,-34.6182265]},"id":"node/2734380683"},{"type":"Feature","properties":{"@id":"node/2756487459","addr:city":"Ciudad Autónoma de Buenos Aires","addr:housenumber":"1350","addr:street":"Bulnes","amenity":"theatre","email":"eventos@cendas.com.ar","name":"Cendas","phone":"+54 11 4862-3418; +54 11 4862-2439","website":"https://cendas.com.ar/"},"geometry":{"type":"Point","coordinates":[-58.4170222,-34.5960877]},"id":"node/2756487459"},{"type":"Feature","properties":{"@id":"node/2837034334","amenity":"theatre","email":"Info@piazzollatango.com","name":"Piazzolla Tango","website":"https://piazzollatango.com/","wikidata":"Q38263850"},"geometry":{"type":"Point","coordinates":[-58.3748453,-34.6061369]},"id":"node/2837034334"},{"type":"Feature","properties":{"@id":"node/2924087270","addr:housenumber":"55","addr:street":"Mariano Acosta","amenity":"theatre","name":"Teatro Gran Ituzaingó","phone":"+54 11 2050-0300","website":"http://www.teatrogranituzaingo.com"},"geometry":{"type":"Point","coordinates":[-58.6671183,-34.6606973]},"id":"node/2924087270"},{"type":"Feature","properties":{"@id":"node/2998119689","addr:street":"Avenida Paseo Colón","amenity":"theatre","name":"Teatro Colonial","name:en":"Colony Theatre"},"geometry":{"type":"Point","coordinates":[-58.3696706,-34.6125849]},"id":"node/2998119689"},{"type":"Feature","properties":{"@id":"node/3086429833","addr:housenumber":"960","addr:street":"Mario Bravo","amenity":"theatre","name":"El Camarín de las Musas","wheelchair":"limited"},"geometry":{"type":"Point","coordinates":[-58.4161501,-34.5984788]},"id":"node/3086429833"},{"type":"Feature","properties":{"@id":"node/3086429834","addr:housenumber":"948","addr:street":"Mario Bravo","amenity":"theatre","name":"El Tinglado","wheelchair":"yes"},"geometry":{"type":"Point","coordinates":[-58.4161206,-34.5986962]},"id":"node/3086429834"},{"type":"Feature","properties":{"@id":"node/3111486439","addr:housenumber":"3956","addr:street":"Gorriti","amenity":"theatre","name":"Código Montesco"},"geometry":{"type":"Point","coordinates":[-58.4206232,-34.5955063]},"id":"node/3111486439"},{"type":"Feature","properties":{"@id":"node/3177039086","amenity":"theatre","name":"Espacio Artístico Epifanía"},"geometry":{"type":"Point","coordinates":[-58.2515726,-34.7261043]},"id":"node/3177039086"},{"type":"Feature","properties":{"@id":"node/3177039088","amenity":"theatre","name":"Teatro Municipal"},"geometry":{"type":"Point","coordinates":[-58.2532358,-34.7225947]},"id":"node/3177039088"},{"type":"Feature","properties":{"@id":"node/3186635109","addr:city":"Balvanera","addr:housenumber":"2625","addr:street":"Teniente General Juan Domingo Perón","amenity":"theatre","name":"Auditorio de SADOP"},"geometry":{"type":"Point","coordinates":[-58.403976,-34.6074465]},"id":"node/3186635109"},{"type":"Feature","properties":{"@id":"node/3257393473","addr:housenumber":"2056","addr:street":"Fitz Roy","amenity":"theatre","contact:website":"http://www.elpiccolino.com.ar","name":"Teatro El Piccolino"},"geometry":{"type":"Point","coordinates":[-58.4330788,-34.5812028]},"id":"node/3257393473"},{"type":"Feature","properties":{"@id":"node/3275071262","addr:housenumber":"5565","addr:street":"Nicaragua","amenity":"theatre","name":"Chacarerean"},"geometry":{"type":"Point","coordinates":[-58.4330597,-34.581832]},"id":"node/3275071262"},{"type":"Feature","properties":{"@id":"node/3310836061","addr:city":"Ciudad Autónoma de Buenos Aires","addr:country":"AR","addr:housenumber":"787","addr:housenumber_1":"793","addr:postcode":"c1187aap","addr:street":"Agüero","amenity":"theatre","amenity_1":"bar","amenity_2":"nightclub","amenity_3":"toilets","amenity_4":"art gallery","bicycle":"yes","name":"E. C. Mi Casa","payment:coins":"yes","shop":"alcohol","smoking":"separated","website":"https://www.facebook.com/micasa787","wheelchair":"yes"},"geometry":{"type":"Point","coordinates":[-58.410896,-34.600803]},"id":"node/3310836061"},{"type":"Feature","properties":{"@id":"node/3688683005","amenity":"theatre","name":"Centro Cultural de Exposiciones"},"geometry":{"type":"Point","coordinates":[-58.4678449,-34.8171063]},"id":"node/3688683005"},{"type":"Feature","properties":{"@id":"node/3752170729","amenity":"theatre","designation":"Centro Cultural","name":"Centro Cultural Carlos Gardel"},"geometry":{"type":"Point","coordinates":[-58.4507765,-34.5824571]},"id":"node/3752170729"},{"type":"Feature","properties":{"@id":"node/3763301166","amenity":"theatre","name":"Centro Cultural"},"geometry":{"type":"Point","coordinates":[-58.5249345,-34.8553467]},"id":"node/3763301166"},{"type":"Feature","properties":{"@id":"node/3779075013","addr:city":"Buenos Aires","addr:housenumber":"42","addr:postcode":"C1205AAB","addr:street":"Rawson","amenity":"theatre","name":"UOCRA Cultura","note":"Teatro"},"geometry":{"type":"Point","coordinates":[-58.4254312,-34.6124854]},"id":"node/3779075013"},{"type":"Feature","properties":{"@id":"node/3801713379","amenity":"theatre","name":"Doña Rosa"},"geometry":{"type":"Point","coordinates":[-58.2578814,-34.7182362]},"id":"node/3801713379"},{"type":"Feature","properties":{"@id":"node/3818036991","addr:city":"José C. Paz","addr:postcode":"1665","addr:street":"General Lavalle esq. Saenz Peña","amenity":"theatre","name":"Cine Teatro Paz","phone":"02320-432961"},"geometry":{"type":"Point","coordinates":[-58.7520375,-34.5240248]},"id":"node/3818036991"},{"type":"Feature","properties":{"@id":"node/4065778791","amenity":"theatre","name":"Teatro El Desguace","wheelchair":"limited"},"geometry":{"type":"Point","coordinates":[-58.4179477,-34.6199597]},"id":"node/4065778791"},{"type":"Feature","properties":{"@id":"node/4154126334","addr:city":"Victoria","addr:housenumber":"3021","addr:street":"General Lavalle","amenity":"theatre","name":"Teatro Municipal J. Martinelli","operator":"Municipio de San Fernando","phone":"+54 11 4746-4173","website":"https://www.sanfernando.gob.ar/municipio/secretarias/secretaria-de-privada-y-coordinacion/direccion-general-de-cultura/centros-culturales/teatro-julio-martinelli"},"geometry":{"type":"Point","coordinates":[-58.5428767,-34.4542956]},"id":"node/4154126334"},{"type":"Feature","properties":{"@id":"node/4215812933","amenity":"theatre"},"geometry":{"type":"Point","coordinates":[-58.6345183,-34.4552512]},"id":"node/4215812933"},{"type":"Feature","properties":{"@id":"node/4285903998","amenity":"theatre","name":"Teatro y centro cultural municipal"},"geometry":{"type":"Point","coordinates":[-58.4034483,-34.7570035]},"id":"node/4285903998"},{"type":"Feature","properties":{"@id":"node/4293917804","addr:city":"Ciudad Autónoma de Buenos Aires","addr:housenumber":"1125","addr:postcode":"C1058AAQ","addr:street":"Marcelo T. de Alvear","amenity":"theatre","name":"Teatro Coliseo","operator":"Estado Italiano","phone":"+54 11 4816-3789","website":"http://www.teatrocoliseo.org.ar/","wikidata":"Q185504","wikipedia":"es:Teatro Coliseo"},"geometry":{"type":"Point","coordinates":[-58.3832768,-34.596736]},"id":"node/4293917804"},{"type":"Feature","properties":{"@id":"node/4293917805","addr:housenumber":"1235","addr:postcode":"C1059ABG","addr:street":"Avenida Santa Fe","amenity":"theatre","name":"Teatro Regina","phone":"+54 11 4815-6661"},"geometry":{"type":"Point","coordinates":[-58.3849047,-34.5955332]},"id":"node/4293917805"},{"type":"Feature","properties":{"@id":"node/4319023509","amenity":"theatre","name":"La Galera"},"geometry":{"type":"Point","coordinates":[-58.4363837,-34.585869]},"id":"node/4319023509"},{"type":"Feature","properties":{"@id":"node/4329710591","addr:street":"Avenida Bartolomé Mitre","amenity":"theatre","name":"Teatro Colonial"},"geometry":{"type":"Point","coordinates":[-58.3715406,-34.6581316]},"id":"node/4329710591"},{"type":"Feature","properties":{"@id":"node/4362241191","addr:housenumber":"326","addr:street":"Guevara","amenity":"theatre","name":"Galpon de Guevara","website":"https://www.galpondeguevara.com/"},"geometry":{"type":"Point","coordinates":[-58.4495051,-34.58733]},"id":"node/4362241191"},{"type":"Feature","properties":{"@id":"node/4419037771","addr:city":"Ciudad Autónoma de Buenos Aires","addr:housenumber":"1845","addr:street":"Chile","amenity":"theatre","internet_access":"no","name":"Circo Criollo","opening_hours":"10:00-21:00","phone":"+54 11 4382-5017","theatre:genre":"circus","wheelchair":"no"},"geometry":{"type":"Point","coordinates":[-58.3886878,-34.616786]},"id":"node/4419037771"},{"type":"Feature","properties":{"@id":"node/4455272994","amenity":"theatre","name":"Teatro Avenida","wikidata":"Q545741"},"geometry":{"type":"Point","coordinates":[-58.3836511,-34.6093558]},"id":"node/4455272994"},{"type":"Feature","properties":{"@id":"node/4493795864","addr:housenumber":"517","addr:street":"Guevara","amenity":"theatre","name":"Asunto Guevara"},"geometry":{"type":"Point","coordinates":[-58.4521144,-34.5861141]},"id":"node/4493795864"},{"type":"Feature","properties":{"@id":"node/4512114490","addr:housenumber":"3759","addr:street":"Humahuaca","amenity":"theatre","name":"Espacio Callejón"},"geometry":{"type":"Point","coordinates":[-58.417273,-34.6022113]},"id":"node/4512114490"},{"type":"Feature","properties":{"@id":"node/4627146367","addr:street":"44 - Presidente Arturo U. Illia","amenity":"theatre","name":"Teatralizarte","source":"Reconocimiento cartográfico de campo 2016 por KG."},"geometry":{"type":"Point","coordinates":[-58.5167467,-34.5677978]},"id":"node/4627146367"},{"type":"Feature","properties":{"@id":"node/4630006101","addr:city":"Temperley","addr:housenumber":"3589","addr:street":"Almirante Brown","amenity":"theatre","name":"Teatro Otromundo, sala Roberto Uriona","source":"Reconocimiento terrestre por Kaart 2016"},"geometry":{"type":"Point","coordinates":[-58.391267,-34.7782266]},"id":"node/4630006101"},{"type":"Feature","properties":{"@id":"node/4650212182","addr:city":"Olivos","addr:street":"Avenida Maipú","amenity":"theatre","name":"Teatro Núcleo","source":"Reconocimiento terrestre por Kaart 2016"},"geometry":{"type":"Point","coordinates":[-58.4926839,-34.506861]},"id":"node/4650212182"},{"type":"Feature","properties":{"@id":"node/4675113758","addr:city":"Ciudad Autónoma de Buenos Aires","addr:housenumber":"1155","addr:street":"Avenida Corrientes","amenity":"theatre","name":"Teatro Broadway","source":"Reconocimiento terrestre por Kaart 2016","wikidata":"Q6139616"},"geometry":{"type":"Point","coordinates":[-58.3831254,-34.6036862]},"id":"node/4675113758"},{"type":"Feature","properties":{"@id":"node/4675113802","addr:city":"Buenos Aires","addr:housenumber":"1283","addr:postcode":"C1043AAM","addr:street":"Avenida Corrientes","amenity":"theatre","name":"Multiteatro Comafi","website":"https://www.multiteatro.com.ar/"},"geometry":{"type":"Point","coordinates":[-58.3849163,-34.6037659]},"id":"node/4675113802"},{"type":"Feature","properties":{"@id":"node/4675506686","addr:street":"Rodríguez Peña","amenity":"theatre","name":"La Comedia","source":"Reconocimiento terrestre por Kaart 2016"},"geometry":{"type":"Point","coordinates":[-58.3920227,-34.5963557]},"id":"node/4675506686"},{"type":"Feature","properties":{"@id":"node/4676832836","addr:street":"Lavalle","amenity":"theatre","name":"Teatro del Viejo Mercado","source":"Reconocimiento terrestre por Kaart 2016"},"geometry":{"type":"Point","coordinates":[-58.4107125,-34.6021308]},"id":"node/4676832836"},{"type":"Feature","properties":{"@id":"node/4683621782","addr:city":"Ciudad Autónoma de Buenos Aires","addr:housenumber":"1630","addr:street":"Avenida Corrientes","amenity":"theatre","name":"Teatro Porteño","phone":"+54 11 4372-5474","source":"Reconocimiento terrestre por Kaart 2016"},"geometry":{"type":"Point","coordinates":[-58.3898445,-34.6043885]},"id":"node/4683621782"},{"type":"Feature","properties":{"@id":"node/4698230403","addr:city":"Ciudad Autónoma de Buenos Aires","addr:street":"Avenida Corrientes","amenity":"theatre","name":"Astros","source":"Reconocimiento terrestre por Kaart 2016"},"geometry":{"type":"Point","coordinates":[-58.3772909,-34.6036049]},"id":"node/4698230403"},{"type":"Feature","properties":{"@id":"node/4868679017","addr:housenumber":"1624","addr:street":"Avenida Corrientes","amenity":"theatre","name":"Belisario"},"geometry":{"type":"Point","coordinates":[-58.3897671,-34.6043725]},"id":"node/4868679017"},{"type":"Feature","properties":{"@id":"node/4868848544","amenity":"theatre","name":"Teatro del Pueblo"},"geometry":{"type":"Point","coordinates":[-58.4168077,-34.6003954]},"id":"node/4868848544"},{"type":"Feature","properties":{"@id":"node/4884553434","amenity":"theatre","name":"Salón Multiarte"},"geometry":{"type":"Point","coordinates":[-58.7225331,-34.6663685]},"id":"node/4884553434"},{"type":"Feature","properties":{"@id":"node/4898715322","addr:housenumber":"866","addr:street":"Lambaré","amenity":"theatre","name":"ELKAFKA Espacio Teatral"},"geometry":{"type":"Point","coordinates":[-58.4305994,-34.6047777]},"id":"node/4898715322"},{"type":"Feature","properties":{"@id":"node/5018648197","addr:city":"Buenos Aires","addr:housenumber":"1838","addr:postcode":"C1414CYN","addr:street":"Godoy Cruz","amenity":"theatre","description":"Comunidad de arte, teatro, formación, bar","name":"Border","phone":"+54 11 5236-6183","website":"http://www.border.com.ar/"},"geometry":{"type":"Point","coordinates":[-58.4325896,-34.5864638]},"id":"node/5018648197"},{"type":"Feature","properties":{"@id":"node/5169208722","amenity":"theatre","name":"teatro ciego (Palermo)"},"geometry":{"type":"Point","coordinates":[-58.4263173,-34.5861517]},"id":"node/5169208722"},{"type":"Feature","properties":{"@id":"node/5169940322","addr:city":"Ciudad Autónoma de Buenos Aires","addr:housenumber":"3600","addr:street":"Zelaya","amenity":"theatre","email":"info@teatrociego.com","name":"Teatro ciego (abasto)","opening_hours":"Mo-Tu, Th 16:00-22:00; We, Fr-Su 15:00-22:00","phone":"+54 11 6379-8596","website":"http://teatrociego.org"},"geometry":{"type":"Point","coordinates":[-58.4083837,-34.6019011]},"id":"node/5169940322"},{"type":"Feature","properties":{"@id":"node/5211579377","addr:housenumber":"1537","addr:street":"Avenida 9 de Julio","amenity":"theatre","description":"salón como un teatro de usos multiples","name":"Centro Comercial e Industrial de Lanús"},"geometry":{"type":"Point","coordinates":[-58.3861756,-34.7109141]},"id":"node/5211579377"},{"type":"Feature","properties":{"@id":"node/5219050926","addr:housenumber":"2608","addr:street":"Avenida Belgrano","amenity":"theatre","name":"Complejo Tango"},"geometry":{"type":"Point","coordinates":[-58.4030757,-34.6146804]},"id":"node/5219050926"},{"type":"Feature","properties":{"@id":"node/5387118022","addr:housenumber":"1271","addr:street":"Uriarte","amenity":"theatre","name":"Sala CRASH","website":"http://www.improcrash.com"},"geometry":{"type":"Point","coordinates":[-58.4354478,-34.5897985]},"id":"node/5387118022"},{"type":"Feature","properties":{"@id":"node/5517692087","addr:city":"Ciudad Autónoma de Buenos Aires","addr:housenumber":"6027","addr:street":"José Antonio Cabrera","amenity":"theatre","name":"Teatro Sony","website":"http://www.teatrosony.com/"},"geometry":{"type":"Point","coordinates":[-58.4425651,-34.5822756]},"id":"node/5517692087"},{"type":"Feature","properties":{"@id":"node/5536884724","addr:city":"Ciudad Autónoma de Buenos Aires","addr:housenumber":"3053","addr:street":"Zelaya","amenity":"theatre","name":"El Cubo","website":"http://www.alternativateatral.com/ficha_teatro.asp?codigo_teatro=901"},"geometry":{"type":"Point","coordinates":[-58.4087604,-34.6018379]},"id":"node/5536884724"},{"type":"Feature","properties":{"@id":"node/5900439185","amenity":"theatre","name":"Terrafirme"},"geometry":{"type":"Point","coordinates":[-58.7596481,-34.6579793]},"id":"node/5900439185"},{"type":"Feature","properties":{"@id":"node/5904975190","amenity":"theatre","name":"Roma"},"geometry":{"type":"Point","coordinates":[-58.7873503,-34.6506051]},"id":"node/5904975190"},{"type":"Feature","properties":{"@id":"node/5910655585","addr:housenumber":"173","addr:street":"Avenida Vicente López","amenity":"theatre","name":"Artenpie","website":"http://www.artenpie.com.ar"},"geometry":{"type":"Point","coordinates":[-58.2710376,-34.716544]},"id":"node/5910655585"},{"type":"Feature","properties":{"@id":"node/6032725458","amenity":"theatre","name":"Del Pasillo"},"geometry":{"type":"Point","coordinates":[-58.4195875,-34.6119083]},"id":"node/6032725458"},{"type":"Feature","properties":{"@id":"node/6359359486","amenity":"theatre","name":"el Nacional"},"geometry":{"type":"Point","coordinates":[-58.3826059,-34.6036523]},"id":"node/6359359486"},{"type":"Feature","properties":{"@id":"node/6375692455","addr:housenumber":"2080","addr:street":"Chile","amenity":"theatre","name":"Teatro Popular"},"geometry":{"type":"Point","coordinates":[-58.3957173,-34.6172032]},"id":"node/6375692455"},{"type":"Feature","properties":{"@id":"node/6407907885","amenity":"theatre","name":"El teatrito"},"geometry":{"type":"Point","coordinates":[-58.3916853,-34.6056897]},"id":"node/6407907885"},{"type":"Feature","properties":{"@id":"node/6728585700","addr:housenumber":"1139","addr:street":"Serrano","amenity":"theatre","name":"Microteatro","website":"https://microteatro.com.ar/"},"geometry":{"type":"Point","coordinates":[-58.4350087,-34.5920251]},"id":"node/6728585700"},{"type":"Feature","properties":{"@id":"node/6874281199","addr:city":"San Isidro","addr:housenumber":"16138","addr:postcode":"B1642","addr:street":"Avenida del Libertador","amenity":"theatre","name":"Auditorium de San Isidro"},"geometry":{"type":"Point","coordinates":[-58.5093178,-34.4682903]},"id":"node/6874281199"},{"type":"Feature","properties":{"@id":"node/7022813285","amenity":"theatre","name":"Beckett"},"geometry":{"type":"Point","coordinates":[-58.4148101,-34.6019816]},"id":"node/7022813285"},{"type":"Feature","properties":{"@id":"node/7040015287","addr:housenumber":"4040","addr:street":"Santos Dumont","amenity":"theatre","name":"Santos"},"geometry":{"type":"Point","coordinates":[-58.4499041,-34.5886361]},"id":"node/7040015287"},{"type":"Feature","properties":{"@id":"node/7085620370","amenity":"theatre","name":"Anfiteatro de la Plaza Unidad Nacional","theatre:type":"amphi"},"geometry":{"type":"Point","coordinates":[-58.4764332,-34.6770007]},"id":"node/7085620370"},{"type":"Feature","properties":{"@id":"node/7170166785","amenity":"theatre","name":"El Galpón de Catalinas"},"geometry":{"type":"Point","coordinates":[-58.3584954,-34.6291742]},"id":"node/7170166785"},{"type":"Feature","properties":{"@id":"node/7247271785","addr:housenumber":"445","addr:street":"Martha Salotti","amenity":"theatre","email":"info@rojotango.com","name":"Rojo Tango","website":"http://www.rojotango.com"},"geometry":{"type":"Point","coordinates":[-58.3617599,-34.6137556]},"id":"node/7247271785"},{"type":"Feature","properties":{"@id":"node/7364280687","amenity":"theatre","name":"Centro Cultural Borges"},"geometry":{"type":"Point","coordinates":[-58.3743532,-34.5996621]},"id":"node/7364280687"},{"type":"Feature","properties":{"@id":"node/8153096184","addr:city":"Ciudad Autónoma de Buenos Aires","addr:housenumber":"3632","addr:postcode":"1173","addr:street":"Sarmiento","air_conditioning":"yes","amenity":"theatre","email":"centroculturalmacedonia@gmail.com","image":"https://drive.google.com/file/d/1AeCnCaiy4bs4M_UvCaMDyNPG4BfL1Nt1/view?usp=sharing","internet_access":"wlan","name":"Centro Cultural Macedonia","website":"https://www.culturalmacedonia.com.ar/"},"geometry":{"type":"Point","coordinates":[-58.4165321,-34.6056891]},"id":"node/8153096184"},{"type":"Feature","properties":{"@id":"node/8385379789","amenity":"theatre","name":"Mil80 Teatro"},"geometry":{"type":"Point","coordinates":[-58.4485497,-34.5982335]},"id":"node/8385379789"},{"type":"Feature","properties":{"@id":"node/8494454154","amenity":"theatre","theatre:type":"amphi"},"geometry":{"type":"Point","coordinates":[-58.3493022,-34.6659021]},"id":"node/8494454154"},{"type":"Feature","properties":{"@id":"node/9234130917","addr:housenumber":"1850","addr:street":"General José Gervasio Artigas","amenity":"theatre","name":"Café Artigas"},"geometry":{"type":"Point","coordinates":[-58.4752649,-34.6101582]},"id":"node/9234130917"}]
